Year,State FIPS,County FIPS,State,County,Actual
2016,2,02013,02,013,1
2016,2,02016,02,016,0
2016,2,02020,02,020,1
2016,2,02050,02,050,0
2016,2,02060,02,060,0
2016,2,02068,02,068,1
2016,2,02070,02,070,0
2016,2,02090,02,090,1
2016,2,02100,02,100,0
2016,2,02105,02,105,0
2016,2,02110,02,110,0
2016,2,02122,02,122,1
2016,2,02130,02,130,1
2016,2,02150,02,150,1
2016,2,02164,02,164,0
2016,2,02170,02,170,1
2016,2,02180,02,180,0
2016,2,02185,02,185,0
2016,2,02188,02,188,0
2016,2,02195,02,195,0
2016,2,02198,02,198,1
2016,2,02220,02,220,0
2016,2,02230,02,230,0
2016,2,02240,02,240,1
2016,2,02261,02,261,1
2016,2,02270,02,270,0
2016,2,02275,02,275,0
2016,2,02282,02,282,0
2016,2,02290,02,290,0
2016,1,01001,01,001,1
2016,1,01003,01,003,1
2016,1,01005,01,005,1
2016,1,01007,01,007,1
2016,1,01009,01,009,1
2016,1,01011,01,011,0
2016,1,01013,01,013,1
2016,1,01015,01,015,1
2016,1,01017,01,017,1
2016,1,01019,01,019,1
2016,1,01021,01,021,1
2016,1,01023,01,023,1
2016,1,01025,01,025,1
2016,1,01027,01,027,1
2016,1,01029,01,029,1
2016,1,01031,01,031,1
2016,1,01033,01,033,1
2016,1,01035,01,035,1
2016,1,01037,01,037,1
2016,1,01039,01,039,1
2016,1,01041,01,041,1
2016,1,01043,01,043,1
2016,1,01045,01,045,1
2016,1,01047,01,047,0
2016,1,01049,01,049,1
2016,1,01051,01,051,1
2016,1,01053,01,053,1
2016,1,01055,01,055,1
2016,1,01057,01,057,1
2016,1,01059,01,059,1
2016,1,01061,01,061,1
2016,1,01063,01,063,0
2016,1,01065,01,065,0
2016,1,01067,01,067,1
2016,1,01069,01,069,1
2016,1,01071,01,071,1
2016,1,01073,01,073,0
2016,1,01075,01,075,1
2016,1,01077,01,077,1
2016,1,01079,01,079,1
2016,1,01081,01,081,1
2016,1,01083,01,083,1
2016,1,01085,01,085,0
2016,1,01087,01,087,0
2016,1,01089,01,089,1
2016,1,01091,01,091,0
2016,1,01093,01,093,1
2016,1,01095,01,095,1
2016,1,01097,01,097,1
2016,1,01099,01,099,1
2016,1,01101,01,101,0
2016,1,01103,01,103,1
2016,1,01105,01,105,0
2016,1,01107,01,107,1
2016,1,01109,01,109,1
2016,1,01111,01,111,1
2016,1,01113,01,113,0
2016,1,01117,01,117,1
2016,1,01115,01,115,1
2016,1,01119,01,119,0
2016,1,01121,01,121,1
2016,1,01123,01,123,1
2016,1,01125,01,125,1
2016,1,01127,01,127,1
2016,1,01129,01,129,1
2016,1,01131,01,131,0
2016,1,01133,01,133,1
2016,5,05001,05,001,1
2016,5,05003,05,003,1
2016,5,05005,05,005,1
2016,5,05007,05,007,1
2016,5,05009,05,009,1
2016,5,05011,05,011,1
2016,5,05013,05,013,1
2016,5,05015,05,015,1
2016,5,05017,05,017,0
2016,5,05019,05,019,1
2016,5,05021,05,021,1
2016,5,05023,05,023,1
2016,5,05025,05,025,1
2016,5,05027,05,027,1
2016,5,05029,05,029,1
2016,5,05031,05,031,1
2016,5,05033,05,033,1
2016,5,05035,05,035,0
2016,5,05037,05,037,1
2016,5,05039,05,039,1
2016,5,05041,05,041,0
2016,5,05043,05,043,1
2016,5,05045,05,045,1
2016,5,05047,05,047,1
2016,5,05049,05,049,1
2016,5,05051,05,051,1
2016,5,05053,05,053,1
2016,5,05055,05,055,1
2016,5,05057,05,057,1
2016,5,05059,05,059,1
2016,5,05061,05,061,1
2016,5,05063,05,063,1
2016,5,05065,05,065,1
2016,5,05067,05,067,1
2016,5,05069,05,069,0
2016,5,05071,05,071,1
2016,5,05073,05,073,1
2016,5,05075,05,075,1
2016,5,05077,05,077,0
2016,5,05079,05,079,1
2016,5,05081,05,081,1
2016,5,05083,05,083,1
2016,5,05085,05,085,1
2016,5,05087,05,087,1
2016,5,05089,05,089,1
2016,5,05091,05,091,1
2016,5,05093,05,093,1
2016,5,05095,05,095,1
2016,5,05097,05,097,1
2016,5,05099,05,099,1
2016,5,05101,05,101,1
2016,5,05103,05,103,1
2016,5,05105,05,105,1
2016,5,05107,05,107,0
2016,5,05109,05,109,1
2016,5,05111,05,111,1
2016,5,05113,05,113,1
2016,5,05115,05,115,1
2016,5,05117,05,117,1
2016,5,05119,05,119,0
2016,5,05121,05,121,1
2016,5,05125,05,125,1
2016,5,05127,05,127,1
2016,5,05129,05,129,1
2016,5,05131,05,131,1
2016,5,05133,05,133,1
2016,5,05135,05,135,1
2016,5,05123,05,123,0
2016,5,05137,05,137,1
2016,5,05139,05,139,1
2016,5,05141,05,141,1
2016,5,05143,05,143,1
2016,5,05145,05,145,1
2016,5,05147,05,147,1
2016,5,05149,05,149,1
2016,4,04001,04,001,0
2016,4,04003,04,003,1
2016,4,04005,04,005,0
2016,4,04007,04,007,1
2016,4,04009,04,009,1
2016,4,04011,04,011,1
2016,4,04012,04,012,1
2016,4,04013,04,013,1
2016,4,04015,04,015,1
2016,4,04017,04,017,1
2016,4,04019,04,019,0
2016,4,04021,04,021,1
2016,4,04023,04,023,0
2016,4,04025,04,025,1
2016,4,04027,04,027,1
2016,6,06001,06,001,0
2016,6,06003,06,003,0
2016,6,06005,06,005,1
2016,6,06007,06,007,1
2016,6,06009,06,009,1
2016,6,06011,06,011,1
2016,6,06013,06,013,0
2016,6,06015,06,015,1
2016,6,06017,06,017,1
2016,6,06019,06,019,0
2016,6,06021,06,021,1
2016,6,06023,06,023,0
2016,6,06025,06,025,0
2016,6,06027,06,027,1
2016,6,06029,06,029,1
2016,6,06031,06,031,1
2016,6,06033,06,033,0
2016,6,06035,06,035,1
2016,6,06037,06,037,0
2016,6,06039,06,039,1
2016,6,06041,06,041,0
2016,6,06043,06,043,1
2016,6,06045,06,045,0
2016,6,06047,06,047,0
2016,6,06049,06,049,1
2016,6,06051,06,051,0
2016,6,06053,06,053,0
2016,6,06055,06,055,0
2016,6,06057,06,057,0
2016,6,06059,06,059,0
2016,6,06061,06,061,1
2016,6,06063,06,063,1
2016,6,06065,06,065,0
2016,6,06067,06,067,0
2016,6,06069,06,069,0
2016,6,06071,06,071,0
2016,6,06073,06,073,0
2016,6,06075,06,075,0
2016,6,06077,06,077,0
2016,6,06079,06,079,0
2016,6,06081,06,081,0
2016,6,06083,06,083,0
2016,6,06085,06,085,0
2016,6,06087,06,087,0
2016,6,06089,06,089,1
2016,6,06091,06,091,1
2016,6,06093,06,093,1
2016,6,06095,06,095,0
2016,6,06097,06,097,0
2016,6,06099,06,099,0
2016,6,06101,06,101,1
2016,6,06103,06,103,1
2016,6,06105,06,105,1
2016,6,06107,06,107,1
2016,6,06109,06,109,1
2016,6,06111,06,111,0
2016,6,06113,06,113,0
2016,6,06115,06,115,1
2016,8,08001,08,001,0
2016,8,08003,08,003,0
2016,8,08005,08,005,0
2016,8,08007,08,007,1
2016,8,08009,08,009,1
2016,8,08011,08,011,1
2016,8,08013,08,013,0
2016,8,08014,08,014,0
2016,8,08015,08,015,1
2016,8,08017,08,017,1
2016,8,08019,08,019,0
2016,8,08021,08,021,1
2016,8,08023,08,023,0
2016,8,08025,08,025,1
2016,8,08027,08,027,1
2016,8,08029,08,029,1
2016,8,08031,08,031,0
2016,8,08033,08,033,1
2016,8,08035,08,035,1
2016,8,08037,08,037,0
2016,8,08039,08,039,1
2016,8,08041,08,041,1
2016,8,08043,08,043,1
2016,8,08045,08,045,1
2016,8,08047,08,047,0
2016,8,08049,08,049,1
2016,8,08051,08,051,0
2016,8,08053,08,053,1
2016,8,08055,08,055,1
2016,8,08057,08,057,1
2016,8,08059,08,059,0
2016,8,08061,08,061,1
2016,8,08063,08,063,1
2016,8,08065,08,065,0
2016,8,08067,08,067,0
2016,8,08069,08,069,0
2016,8,08071,08,071,1
2016,8,08073,08,073,1
2016,8,08075,08,075,1
2016,8,08077,08,077,1
2016,8,08079,08,079,1
2016,8,08081,08,081,1
2016,8,08083,08,083,1
2016,8,08085,08,085,1
2016,8,08087,08,087,1
2016,8,08089,08,089,1
2016,8,08091,08,091,0
2016,8,08093,08,093,1
2016,8,08095,08,095,1
2016,8,08097,08,097,0
2016,8,08099,08,099,1
2016,8,08101,08,101,0
2016,8,08103,08,103,1
2016,8,08105,08,105,1
2016,8,08107,08,107,0
2016,8,08109,08,109,0
2016,8,08111,08,111,0
2016,8,08113,08,113,0
2016,8,08115,08,115,1
2016,8,08117,08,117,0
2016,8,08119,08,119,1
2016,8,08121,08,121,1
2016,8,08123,08,123,1
2016,8,08125,08,125,1
2016,9,09001,09,001,0
2016,9,09003,09,003,0
2016,9,09005,09,005,1
2016,9,09007,09,007,0
2016,9,09009,09,009,0
2016,9,09011,09,011,0
2016,9,09013,09,013,0
2016,9,09015,09,015,1
2016,11,11001,11,001,0
2016,10,10001,10,001,1
2016,10,10003,10,003,0
2016,10,10005,10,005,1
2016,12,12001,12,001,0
2016,12,12003,12,003,1
2016,12,12005,12,005,1
2016,12,12007,12,007,1
2016,12,12009,12,009,1
2016,12,12011,12,011,0
2016,12,12013,12,013,1
2016,12,12015,12,015,1
2016,12,12017,12,017,1
2016,12,12019,12,019,1
2016,12,12021,12,021,1
2016,12,12023,12,023,1
2016,12,12027,12,027,1
2016,12,12029,12,029,1
2016,12,12031,12,031,1
2016,12,12033,12,033,1
2016,12,12035,12,035,1
2016,12,12037,12,037,1
2016,12,12039,12,039,0
2016,12,12041,12,041,1
2016,12,12043,12,043,1
2016,12,12045,12,045,1
2016,12,12047,12,047,1
2016,12,12049,12,049,1
2016,12,12051,12,051,1
2016,12,12053,12,053,1
2016,12,12055,12,055,1
2016,12,12057,12,057,0
2016,12,12059,12,059,1
2016,12,12061,12,061,1
2016,12,12063,12,063,1
2016,12,12065,12,065,1
2016,12,12067,12,067,1
2016,12,12069,12,069,1
2016,12,12071,12,071,1
2016,12,12073,12,073,0
2016,12,12075,12,075,1
2016,12,12077,12,077,1
2016,12,12079,12,079,1
2016,12,12081,12,081,1
2016,12,12083,12,083,1
2016,12,12085,12,085,1
2016,12,12086,12,086,0
2016,12,12087,12,087,1
2016,12,12089,12,089,1
2016,12,12091,12,091,1
2016,12,12093,12,093,1
2016,12,12095,12,095,0
2016,12,12097,12,097,0
2016,12,12099,12,099,0
2016,12,12101,12,101,1
2016,12,12103,12,103,1
2016,12,12105,12,105,1
2016,12,12107,12,107,1
2016,12,12113,12,113,1
2016,12,12115,12,115,1
2016,12,12117,12,117,1
2016,12,12109,12,109,1
2016,12,12111,12,111,1
2016,12,12119,12,119,1
2016,12,12121,12,121,1
2016,12,12123,12,123,1
2016,12,12125,12,125,1
2016,12,12127,12,127,1
2016,12,12129,12,129,1
2016,12,12131,12,131,1
2016,12,12133,12,133,1
2016,13,13001,13,001,1
2016,13,13003,13,003,1
2016,13,13005,13,005,1
2016,13,13007,13,007,1
2016,13,13009,13,009,0
2016,13,13011,13,011,1
2016,13,13013,13,013,1
2016,13,13015,13,015,1
2016,13,13017,13,017,1
2016,13,13019,13,019,1
2016,13,13021,13,021,0
2016,13,13023,13,023,1
2016,13,13025,13,025,1
2016,13,13027,13,027,1
2016,13,13029,13,029,1
2016,13,13031,13,031,1
2016,13,13033,13,033,0
2016,13,13035,13,035,1
2016,13,13037,13,037,0
2016,13,13039,13,039,1
2016,13,13043,13,043,1
2016,13,13045,13,045,1
2016,13,13047,13,047,1
2016,13,13049,13,049,1
2016,13,13051,13,051,0
2016,13,13053,13,053,1
2016,13,13055,13,055,1
2016,13,13057,13,057,1
2016,13,13059,13,059,0
2016,13,13061,13,061,0
2016,13,13063,13,063,0
2016,13,13065,13,065,1
2016,13,13067,13,067,0
2016,13,13069,13,069,1
2016,13,13071,13,071,1
2016,13,13073,13,073,1
2016,13,13075,13,075,1
2016,13,13077,13,077,1
2016,13,13079,13,079,1
2016,13,13081,13,081,1
2016,13,13083,13,083,1
2016,13,13085,13,085,1
2016,13,13087,13,087,1
2016,13,13089,13,089,0
2016,13,13091,13,091,1
2016,13,13093,13,093,1
2016,13,13095,13,095,0
2016,13,13097,13,097,0
2016,13,13099,13,099,1
2016,13,13101,13,101,1
2016,13,13103,13,103,1
2016,13,13105,13,105,1
2016,13,13107,13,107,1
2016,13,13109,13,109,1
2016,13,13111,13,111,1
2016,13,13113,13,113,1
2016,13,13115,13,115,1
2016,13,13117,13,117,1
2016,13,13119,13,119,1
2016,13,13121,13,121,0
2016,13,13123,13,123,1
2016,13,13125,13,125,1
2016,13,13127,13,127,1
2016,13,13129,13,129,1
2016,13,13131,13,131,1
2016,13,13133,13,133,1
2016,13,13135,13,135,0
2016,13,13137,13,137,1
2016,13,13139,13,139,1
2016,13,13141,13,141,0
2016,13,13143,13,143,1
2016,13,13145,13,145,1
2016,13,13147,13,147,1
2016,13,13149,13,149,1
2016,13,13151,13,151,0
2016,13,13153,13,153,1
2016,13,13155,13,155,1
2016,13,13157,13,157,1
2016,13,13159,13,159,1
2016,13,13161,13,161,1
2016,13,13163,13,163,0
2016,13,13165,13,165,1
2016,13,13167,13,167,1
2016,13,13169,13,169,1
2016,13,13171,13,171,1
2016,13,13173,13,173,1
2016,13,13175,13,175,1
2016,13,13177,13,177,1
2016,13,13179,13,179,0
2016,13,13181,13,181,1
2016,13,13183,13,183,1
2016,13,13185,13,185,1
2016,13,13187,13,187,1
2016,13,13193,13,193,0
2016,13,13195,13,195,1
2016,13,13197,13,197,1
2016,13,13189,13,189,1
2016,13,13191,13,191,1
2016,13,13199,13,199,1
2016,13,13201,13,201,1
2016,13,13205,13,205,1
2016,13,13207,13,207,1
2016,13,13209,13,209,1
2016,13,13211,13,211,1
2016,13,13213,13,213,1
2016,13,13215,13,215,0
2016,13,13217,13,217,0
2016,13,13219,13,219,1
2016,13,13221,13,221,1
2016,13,13223,13,223,1
2016,13,13225,13,225,1
2016,13,13227,13,227,1
2016,13,13229,13,229,1
2016,13,13231,13,231,1
2016,13,13233,13,233,1
2016,13,13235,13,235,1
2016,13,13237,13,237,1
2016,13,13239,13,239,1
2016,13,13241,13,241,1
2016,13,13243,13,243,0
2016,13,13245,13,245,0
2016,13,13247,13,247,0
2016,13,13249,13,249,1
2016,13,13251,13,251,1
2016,13,13253,13,253,1
2016,13,13255,13,255,1
2016,13,13257,13,257,1
2016,13,13259,13,259,0
2016,13,13261,13,261,0
2016,13,13263,13,263,0
2016,13,13265,13,265,0
2016,13,13267,13,267,1
2016,13,13269,13,269,1
2016,13,13271,13,271,1
2016,13,13273,13,273,0
2016,13,13275,13,275,1
2016,13,13277,13,277,1
2016,13,13279,13,279,1
2016,13,13281,13,281,1
2016,13,13283,13,283,1
2016,13,13285,13,285,1
2016,13,13287,13,287,1
2016,13,13289,13,289,1
2016,13,13291,13,291,1
2016,13,13293,13,293,1
2016,13,13295,13,295,1
2016,13,13297,13,297,1
2016,13,13299,13,299,1
2016,13,13301,13,301,0
2016,13,13303,13,303,0
2016,13,13305,13,305,1
2016,13,13307,13,307,1
2016,13,13309,13,309,1
2016,13,13311,13,311,1
2016,13,13313,13,313,1
2016,13,13315,13,315,1
2016,13,13317,13,317,1
2016,13,13319,13,319,1
2016,13,13321,13,321,1
2016,15,15001,15,001,0
2016,15,15003,15,003,0
2016,15,15007,15,007,0
2016,15,15009,15,009,0
2016,19,19001,19,001,1
2016,19,19003,19,003,1
2016,19,19005,19,005,1
2016,19,19007,19,007,1
2016,19,19009,19,009,1
2016,19,19011,19,011,1
2016,19,19013,19,013,0
2016,19,19015,19,015,1
2016,19,19017,19,017,1
2016,19,19019,19,019,1
2016,19,19021,19,021,1
2016,19,19023,19,023,1
2016,19,19025,19,025,1
2016,19,19027,19,027,1
2016,19,19029,19,029,1
2016,19,19031,19,031,1
2016,19,19033,19,033,1
2016,19,19035,19,035,1
2016,19,19037,19,037,1
2016,19,19039,19,039,1
2016,19,19041,19,041,1
2016,19,19043,19,043,1
2016,19,19045,19,045,1
2016,19,19047,19,047,1
2016,19,19049,19,049,1
2016,19,19051,19,051,1
2016,19,19053,19,053,1
2016,19,19055,19,055,1
2016,19,19057,19,057,1
2016,19,19059,19,059,1
2016,19,19061,19,061,1
2016,19,19063,19,063,1
2016,19,19065,19,065,1
2016,19,19067,19,067,1
2016,19,19069,19,069,1
2016,19,19071,19,071,1
2016,19,19073,19,073,1
2016,19,19075,19,075,1
2016,19,19077,19,077,1
2016,19,19079,19,079,1
2016,19,19081,19,081,1
2016,19,19083,19,083,1
2016,19,19085,19,085,1
2016,19,19087,19,087,1
2016,19,19089,19,089,1
2016,19,19091,19,091,1
2016,19,19093,19,093,1
2016,19,19095,19,095,1
2016,19,19097,19,097,1
2016,19,19099,19,099,1
2016,19,19101,19,101,1
2016,19,19103,19,103,0
2016,19,19105,19,105,1
2016,19,19107,19,107,1
2016,19,19109,19,109,1
2016,19,19111,19,111,1
2016,19,19113,19,113,0
2016,19,19115,19,115,1
2016,19,19117,19,117,1
2016,19,19119,19,119,1
2016,19,19121,19,121,1
2016,19,19123,19,123,1
2016,19,19125,19,125,1
2016,19,19127,19,127,1
2016,19,19129,19,129,1
2016,19,19131,19,131,1
2016,19,19133,19,133,1
2016,19,19135,19,135,1
2016,19,19137,19,137,1
2016,19,19139,19,139,1
2016,19,19141,19,141,1
2016,19,19143,19,143,1
2016,19,19145,19,145,1
2016,19,19147,19,147,1
2016,19,19149,19,149,1
2016,19,19151,19,151,1
2016,19,19153,19,153,0
2016,19,19155,19,155,1
2016,19,19157,19,157,1
2016,19,19159,19,159,1
2016,19,19161,19,161,1
2016,19,19163,19,163,0
2016,19,19165,19,165,1
2016,19,19167,19,167,1
2016,19,19169,19,169,0
2016,19,19171,19,171,1
2016,19,19173,19,173,1
2016,19,19175,19,175,1
2016,19,19177,19,177,1
2016,19,19179,19,179,1
2016,19,19181,19,181,1
2016,19,19183,19,183,1
2016,19,19185,19,185,1
2016,19,19187,19,187,1
2016,19,19189,19,189,1
2016,19,19191,19,191,1
2016,19,19193,19,193,1
2016,19,19195,19,195,1
2016,19,19197,19,197,1
2016,16,16001,16,001,1
2016,16,16003,16,003,1
2016,16,16005,16,005,1
2016,16,16007,16,007,1
2016,16,16009,16,009,1
2016,16,16011,16,011,1
2016,16,16013,16,013,0
2016,16,16015,16,015,1
2016,16,16017,16,017,1
2016,16,16019,16,019,1
2016,16,16021,16,021,1
2016,16,16023,16,023,1
2016,16,16025,16,025,1
2016,16,16027,16,027,1
2016,16,16029,16,029,1
2016,16,16031,16,031,1
2016,16,16033,16,033,1
2016,16,16035,16,035,1
2016,16,16037,16,037,1
2016,16,16039,16,039,1
2016,16,16041,16,041,1
2016,16,16043,16,043,1
2016,16,16045,16,045,1
2016,16,16047,16,047,1
2016,16,16049,16,049,1
2016,16,16051,16,051,1
2016,16,16053,16,053,1
2016,16,16055,16,055,1
2016,16,16057,16,057,0
2016,16,16059,16,059,1
2016,16,16061,16,061,1
2016,16,16063,16,063,1
2016,16,16065,16,065,1
2016,16,16067,16,067,1
2016,16,16069,16,069,1
2016,16,16071,16,071,1
2016,16,16073,16,073,1
2016,16,16075,16,075,1
2016,16,16077,16,077,1
2016,16,16079,16,079,1
2016,16,16081,16,081,1
2016,16,16083,16,083,1
2016,16,16085,16,085,1
2016,16,16087,16,087,1
2016,17,17001,17,001,1
2016,17,17003,17,003,1
2016,17,17005,17,005,1
2016,17,17007,17,007,1
2016,17,17009,17,009,1
2016,17,17011,17,011,1
2016,17,17013,17,013,1
2016,17,17015,17,015,1
2016,17,17017,17,017,1
2016,17,17019,17,019,0
2016,17,17021,17,021,1
2016,17,17023,17,023,1
2016,17,17025,17,025,1
2016,17,17027,17,027,1
2016,17,17029,17,029,1
2016,17,17031,17,031,0
2016,17,17033,17,033,1
2016,17,17035,17,035,1
2016,17,17037,17,037,0
2016,17,17039,17,039,1
2016,17,17041,17,041,1
2016,17,17043,17,043,0
2016,17,17045,17,045,1
2016,17,17047,17,047,1
2016,17,17049,17,049,1
2016,17,17051,17,051,1
2016,17,17053,17,053,1
2016,17,17055,17,055,1
2016,17,17057,17,057,1
2016,17,17059,17,059,1
2016,17,17061,17,061,1
2016,17,17063,17,063,1
2016,17,17065,17,065,1
2016,17,17067,17,067,1
2016,17,17069,17,069,1
2016,17,17071,17,071,1
2016,17,17073,17,073,1
2016,17,17075,17,075,1
2016,17,17077,17,077,0
2016,17,17079,17,079,1
2016,17,17081,17,081,1
2016,17,17083,17,083,1
2016,17,17085,17,085,1
2016,17,17087,17,087,1
2016,17,17089,17,089,0
2016,17,17091,17,091,1
2016,17,17093,17,093,1
2016,17,17095,17,095,1
2016,17,17097,17,097,0
2016,17,17099,17,099,1
2016,17,17101,17,101,1
2016,17,17103,17,103,1
2016,17,17105,17,105,1
2016,17,17107,17,107,1
2016,17,17115,17,115,1
2016,17,17117,17,117,1
2016,17,17119,17,119,1
2016,17,17121,17,121,1
2016,17,17123,17,123,1
2016,17,17125,17,125,1
2016,17,17127,17,127,1
2016,17,17109,17,109,1
2016,17,17111,17,111,1
2016,17,17113,17,113,1
2016,17,17129,17,129,1
2016,17,17131,17,131,1
2016,17,17133,17,133,1
2016,17,17135,17,135,1
2016,17,17137,17,137,1
2016,17,17139,17,139,1
2016,17,17141,17,141,1
2016,17,17143,17,143,0
2016,17,17145,17,145,1
2016,17,17147,17,147,1
2016,17,17149,17,149,1
2016,17,17151,17,151,1
2016,17,17153,17,153,1
2016,17,17155,17,155,1
2016,17,17157,17,157,1
2016,17,17159,17,159,1
2016,17,17161,17,161,0
2016,17,17165,17,165,1
2016,17,17167,17,167,1
2016,17,17169,17,169,1
2016,17,17171,17,171,1
2016,17,17173,17,173,1
2016,17,17163,17,163,0
2016,17,17175,17,175,1
2016,17,17177,17,177,1
2016,17,17179,17,179,1
2016,17,17181,17,181,1
2016,17,17183,17,183,1
2016,17,17185,17,185,1
2016,17,17187,17,187,1
2016,17,17189,17,189,1
2016,17,17191,17,191,1
2016,17,17193,17,193,1
2016,17,17195,17,195,1
2016,17,17197,17,197,0
2016,17,17199,17,199,1
2016,17,17201,17,201,1
2016,17,17203,17,203,1
2016,18,18001,18,001,1
2016,18,18003,18,003,1
2016,18,18005,18,005,1
2016,18,18007,18,007,1
2016,18,18009,18,009,1
2016,18,18011,18,011,1
2016,18,18013,18,013,1
2016,18,18015,18,015,1
2016,18,18017,18,017,1
2016,18,18019,18,019,1
2016,18,18021,18,021,1
2016,18,18023,18,023,1
2016,18,18025,18,025,1
2016,18,18027,18,027,1
2016,18,18029,18,029,1
2016,18,18031,18,031,1
2016,18,18033,18,033,1
2016,18,18035,18,035,1
2016,18,18037,18,037,1
2016,18,18039,18,039,1
2016,18,18041,18,041,1
2016,18,18043,18,043,1
2016,18,18045,18,045,1
2016,18,18047,18,047,1
2016,18,18049,18,049,1
2016,18,18051,18,051,1
2016,18,18053,18,053,1
2016,18,18055,18,055,1
2016,18,18057,18,057,1
2016,18,18059,18,059,1
2016,18,18061,18,061,1
2016,18,18063,18,063,1
2016,18,18065,18,065,1
2016,18,18067,18,067,1
2016,18,18069,18,069,1
2016,18,18071,18,071,1
2016,18,18073,18,073,1
2016,18,18075,18,075,1
2016,18,18077,18,077,1
2016,18,18079,18,079,1
2016,18,18081,18,081,1
2016,18,18083,18,083,1
2016,18,18085,18,085,1
2016,18,18087,18,087,1
2016,18,18089,18,089,0
2016,18,18091,18,091,1
2016,18,18093,18,093,1
2016,18,18095,18,095,1
2016,18,18097,18,097,0
2016,18,18099,18,099,1
2016,18,18101,18,101,1
2016,18,18103,18,103,1
2016,18,18105,18,105,0
2016,18,18107,18,107,1
2016,18,18109,18,109,1
2016,18,18111,18,111,1
2016,18,18113,18,113,1
2016,18,18115,18,115,1
2016,18,18117,18,117,1
2016,18,18119,18,119,1
2016,18,18121,18,121,1
2016,18,18123,18,123,1
2016,18,18125,18,125,1
2016,18,18127,18,127,1
2016,18,18129,18,129,1
2016,18,18131,18,131,1
2016,18,18133,18,133,1
2016,18,18135,18,135,1
2016,18,18137,18,137,1
2016,18,18139,18,139,1
2016,18,18143,18,143,1
2016,18,18145,18,145,1
2016,18,18147,18,147,1
2016,18,18141,18,141,0
2016,18,18149,18,149,1
2016,18,18151,18,151,1
2016,18,18153,18,153,1
2016,18,18155,18,155,1
2016,18,18157,18,157,1
2016,18,18159,18,159,1
2016,18,18161,18,161,1
2016,18,18163,18,163,1
2016,18,18165,18,165,1
2016,18,18167,18,167,1
2016,18,18169,18,169,1
2016,18,18171,18,171,1
2016,18,18173,18,173,1
2016,18,18175,18,175,1
2016,18,18177,18,177,1
2016,18,18179,18,179,1
2016,18,18181,18,181,1
2016,18,18183,18,183,1
2016,20,20001,20,001,1
2016,20,20003,20,003,1
2016,20,20005,20,005,1
2016,20,20007,20,007,1
2016,20,20009,20,009,1
2016,20,20011,20,011,1
2016,20,20013,20,013,1
2016,20,20015,20,015,1
2016,20,20017,20,017,1
2016,20,20019,20,019,1
2016,20,20021,20,021,1
2016,20,20023,20,023,1
2016,20,20025,20,025,1
2016,20,20027,20,027,1
2016,20,20029,20,029,1
2016,20,20031,20,031,1
2016,20,20033,20,033,1
2016,20,20035,20,035,1
2016,20,20037,20,037,1
2016,20,20039,20,039,1
2016,20,20041,20,041,1
2016,20,20043,20,043,1
2016,20,20045,20,045,0
2016,20,20047,20,047,1
2016,20,20049,20,049,1
2016,20,20051,20,051,1
2016,20,20053,20,053,1
2016,20,20055,20,055,1
2016,20,20057,20,057,1
2016,20,20059,20,059,1
2016,20,20061,20,061,1
2016,20,20063,20,063,1
2016,20,20065,20,065,1
2016,20,20067,20,067,1
2016,20,20069,20,069,1
2016,20,20071,20,071,1
2016,20,20073,20,073,1
2016,20,20075,20,075,1
2016,20,20077,20,077,1
2016,20,20079,20,079,1
2016,20,20081,20,081,1
2016,20,20083,20,083,1
2016,20,20085,20,085,1
2016,20,20087,20,087,1
2016,20,20089,20,089,1
2016,20,20091,20,091,1
2016,20,20093,20,093,1
2016,20,20095,20,095,1
2016,20,20097,20,097,1
2016,20,20099,20,099,1
2016,20,20101,20,101,1
2016,20,20103,20,103,1
2016,20,20105,20,105,1
2016,20,20107,20,107,1
2016,20,20109,20,109,1
2016,20,20111,20,111,1
2016,20,20115,20,115,1
2016,20,20117,20,117,1
2016,20,20113,20,113,1
2016,20,20119,20,119,1
2016,20,20121,20,121,1
2016,20,20123,20,123,1
2016,20,20125,20,125,1
2016,20,20127,20,127,1
2016,20,20129,20,129,1
2016,20,20131,20,131,1
2016,20,20133,20,133,1
2016,20,20135,20,135,1
2016,20,20137,20,137,1
2016,20,20139,20,139,1
2016,20,20141,20,141,1
2016,20,20143,20,143,1
2016,20,20145,20,145,1
2016,20,20147,20,147,1
2016,20,20149,20,149,1
2016,20,20151,20,151,1
2016,20,20153,20,153,1
2016,20,20155,20,155,1
2016,20,20157,20,157,1
2016,20,20159,20,159,1
2016,20,20161,20,161,1
2016,20,20163,20,163,1
2016,20,20165,20,165,1
2016,20,20167,20,167,1
2016,20,20169,20,169,1
2016,20,20171,20,171,1
2016,20,20173,20,173,1
2016,20,20175,20,175,1
2016,20,20177,20,177,1
2016,20,20179,20,179,1
2016,20,20181,20,181,1
2016,20,20183,20,183,1
2016,20,20185,20,185,1
2016,20,20187,20,187,1
2016,20,20189,20,189,1
2016,20,20191,20,191,1
2016,20,20193,20,193,1
2016,20,20195,20,195,1
2016,20,20197,20,197,1
2016,20,20199,20,199,1
2016,20,20201,20,201,1
2016,20,20203,20,203,1
2016,20,20205,20,205,1
2016,20,20207,20,207,1
2016,20,20209,20,209,0
2016,21,21001,21,001,1
2016,21,21003,21,003,1
2016,21,21005,21,005,1
2016,21,21007,21,007,1
2016,21,21009,21,009,1
2016,21,21011,21,011,1
2016,21,21013,21,013,1
2016,21,21015,21,015,1
2016,21,21017,21,017,1
2016,21,21019,21,019,1
2016,21,21021,21,021,1
2016,21,21023,21,023,1
2016,21,21025,21,025,1
2016,21,21027,21,027,1
2016,21,21029,21,029,1
2016,21,21031,21,031,1
2016,21,21033,21,033,1
2016,21,21035,21,035,1
2016,21,21037,21,037,1
2016,21,21039,21,039,1
2016,21,21041,21,041,1
2016,21,21043,21,043,1
2016,21,21045,21,045,1
2016,21,21047,21,047,1
2016,21,21049,21,049,1
2016,21,21051,21,051,1
2016,21,21053,21,053,1
2016,21,21055,21,055,1
2016,21,21057,21,057,1
2016,21,21059,21,059,1
2016,21,21061,21,061,1
2016,21,21063,21,063,1
2016,21,21065,21,065,1
2016,21,21067,21,067,0
2016,21,21069,21,069,1
2016,21,21071,21,071,1
2016,21,21073,21,073,1
2016,21,21075,21,075,1
2016,21,21077,21,077,1
2016,21,21079,21,079,1
2016,21,21081,21,081,1
2016,21,21083,21,083,1
2016,21,21085,21,085,1
2016,21,21087,21,087,1
2016,21,21089,21,089,1
2016,21,21091,21,091,1
2016,21,21093,21,093,1
2016,21,21095,21,095,1
2016,21,21097,21,097,1
2016,21,21099,21,099,1
2016,21,21101,21,101,1
2016,21,21103,21,103,1
2016,21,21105,21,105,1
2016,21,21107,21,107,1
2016,21,21109,21,109,1
2016,21,21111,21,111,0
2016,21,21113,21,113,1
2016,21,21115,21,115,1
2016,21,21117,21,117,1
2016,21,21119,21,119,1
2016,21,21121,21,121,1
2016,21,21123,21,123,1
2016,21,21125,21,125,1
2016,21,21127,21,127,1
2016,21,21129,21,129,1
2016,21,21131,21,131,1
2016,21,21133,21,133,1
2016,21,21135,21,135,1
2016,21,21137,21,137,1
2016,21,21139,21,139,1
2016,21,21141,21,141,1
2016,21,21143,21,143,1
2016,21,21151,21,151,1
2016,21,21153,21,153,1
2016,21,21155,21,155,1
2016,21,21157,21,157,1
2016,21,21159,21,159,1
2016,21,21161,21,161,1
2016,21,21145,21,145,1
2016,21,21147,21,147,1
2016,21,21149,21,149,1
2016,21,21163,21,163,1
2016,21,21165,21,165,1
2016,21,21167,21,167,1
2016,21,21169,21,169,1
2016,21,21171,21,171,1
2016,21,21173,21,173,1
2016,21,21175,21,175,1
2016,21,21177,21,177,1
2016,21,21179,21,179,1
2016,21,21181,21,181,1
2016,21,21183,21,183,1
2016,21,21185,21,185,1
2016,21,21187,21,187,1
2016,21,21189,21,189,1
2016,21,21191,21,191,1
2016,21,21193,21,193,1
2016,21,21195,21,195,1
2016,21,21197,21,197,1
2016,21,21199,21,199,1
2016,21,21201,21,201,1
2016,21,21203,21,203,1
2016,21,21205,21,205,1
2016,21,21207,21,207,1
2016,21,21209,21,209,1
2016,21,21211,21,211,1
2016,21,21213,21,213,1
2016,21,21215,21,215,1
2016,21,21217,21,217,1
2016,21,21219,21,219,1
2016,21,21221,21,221,1
2016,21,21223,21,223,1
2016,21,21225,21,225,1
2016,21,21227,21,227,1
2016,21,21229,21,229,1
2016,21,21231,21,231,1
2016,21,21233,21,233,1
2016,21,21235,21,235,1
2016,21,21237,21,237,1
2016,21,21239,21,239,1
2016,22,22001,22,001,1
2016,22,22003,22,003,1
2016,22,22005,22,005,1
2016,22,22007,22,007,1
2016,22,22009,22,009,1
2016,22,22011,22,011,1
2016,22,22013,22,013,1
2016,22,22015,22,015,1
2016,22,22017,22,017,0
2016,22,22019,22,019,1
2016,22,22021,22,021,1
2016,22,22023,22,023,1
2016,22,22025,22,025,1
2016,22,22027,22,027,1
2016,22,22029,22,029,1
2016,22,22031,22,031,1
2016,22,22033,22,033,0
2016,22,22035,22,035,0
2016,22,22037,22,037,1
2016,22,22039,22,039,1
2016,22,22041,22,041,1
2016,22,22043,22,043,1
2016,22,22045,22,045,1
2016,22,22047,22,047,0
2016,22,22049,22,049,1
2016,22,22051,22,051,1
2016,22,22053,22,053,1
2016,22,22055,22,055,1
2016,22,22057,22,057,1
2016,22,22059,22,059,1
2016,22,22061,22,061,1
2016,22,22063,22,063,1
2016,22,22065,22,065,0
2016,22,22067,22,067,1
2016,22,22069,22,069,1
2016,22,22071,22,071,0
2016,22,22073,22,073,1
2016,22,22075,22,075,1
2016,22,22077,22,077,1
2016,22,22079,22,079,1
2016,22,22081,22,081,1
2016,22,22083,22,083,1
2016,22,22085,22,085,1
2016,22,22087,22,087,1
2016,22,22089,22,089,1
2016,22,22091,22,091,0
2016,22,22093,22,093,0
2016,22,22095,22,095,0
2016,22,22097,22,097,1
2016,22,22099,22,099,1
2016,22,22101,22,101,1
2016,22,22103,22,103,1
2016,22,22105,22,105,1
2016,22,22107,22,107,0
2016,22,22109,22,109,1
2016,22,22111,22,111,1
2016,22,22113,22,113,1
2016,22,22115,22,115,1
2016,22,22117,22,117,1
2016,22,22119,22,119,1
2016,22,22121,22,121,1
2016,22,22123,22,123,1
2016,22,22125,22,125,1
2016,22,22127,22,127,1
2016,25,25001,25,001,0
2016,25,25003,25,003,0
2016,25,25005,25,005,0
2016,25,25007,25,007,0
2016,25,25009,25,009,0
2016,25,25011,25,011,0
2016,25,25013,25,013,0
2016,25,25015,25,015,0
2016,25,25017,25,017,0
2016,25,25019,25,019,0
2016,25,25021,25,021,0
2016,25,25023,25,023,0
2016,25,25025,25,025,0
2016,25,25027,25,027,0
2016,24,24001,24,001,1
2016,24,24003,24,003,0
2016,24,24005,24,005,0
2016,24,24510,24,510,0
2016,24,24009,24,009,1
2016,24,24011,24,011,1
2016,24,24013,24,013,1
2016,24,24015,24,015,1
2016,24,24017,24,017,0
2016,24,24019,24,019,1
2016,24,24021,24,021,1
2016,24,24023,24,023,1
2016,24,24025,24,025,1
2016,24,24027,24,027,0
2016,24,24029,24,029,1
2016,24,24031,24,031,0
2016,24,24033,24,033,0
2016,24,24035,24,035,1
2016,24,24039,24,039,1
2016,24,24037,24,037,1
2016,24,24041,24,041,1
2016,24,24043,24,043,1
2016,24,24045,24,045,1
2016,24,24047,24,047,1
2016,23,23001,23,001,1
2016,23,23003,23,003,1
2016,23,23005,23,005,0
2016,23,23007,23,007,1
2016,23,23009,23,009,0
2016,23,23011,23,011,1
2016,23,23013,23,013,0
2016,23,23015,23,015,0
2016,23,23017,23,017,1
2016,23,23019,23,019,1
2016,23,23021,23,021,1
2016,23,23023,23,023,0
2016,23,23025,23,025,1
2016,23,23027,23,027,0
2016,23,23029,23,029,1
2016,23,23031,23,031,0
2016,26,26001,26,001,1
2016,26,26003,26,003,1
2016,26,26005,26,005,1
2016,26,26007,26,007,1
2016,26,26009,26,009,1
2016,26,26011,26,011,1
2016,26,26013,26,013,1
2016,26,26015,26,015,1
2016,26,26017,26,017,1
2016,26,26019,26,019,1
2016,26,26021,26,021,1
2016,26,26023,26,023,1
2016,26,26025,26,025,1
2016,26,26027,26,027,1
2016,26,26029,26,029,1
2016,26,26031,26,031,1
2016,26,26033,26,033,1
2016,26,26035,26,035,1
2016,26,26037,26,037,1
2016,26,26039,26,039,1
2016,26,26041,26,041,1
2016,26,26043,26,043,1
2016,26,26045,26,045,1
2016,26,26047,26,047,1
2016,26,26049,26,049,0
2016,26,26051,26,051,1
2016,26,26053,26,053,1
2016,26,26055,26,055,1
2016,26,26057,26,057,1
2016,26,26059,26,059,1
2016,26,26061,26,061,1
2016,26,26063,26,063,1
2016,26,26065,26,065,0
2016,26,26067,26,067,1
2016,26,26069,26,069,1
2016,26,26071,26,071,1
2016,26,26073,26,073,1
2016,26,26075,26,075,1
2016,26,26077,26,077,0
2016,26,26079,26,079,1
2016,26,26081,26,081,1
2016,26,26083,26,083,1
2016,26,26085,26,085,1
2016,26,26087,26,087,1
2016,26,26089,26,089,1
2016,26,26091,26,091,1
2016,26,26093,26,093,1
2016,26,26095,26,095,1
2016,26,26097,26,097,1
2016,26,26099,26,099,1
2016,26,26101,26,101,1
2016,26,26103,26,103,0
2016,26,26105,26,105,1
2016,26,26107,26,107,1
2016,26,26109,26,109,1
2016,26,26111,26,111,1
2016,26,26113,26,113,1
2016,26,26115,26,115,1
2016,26,26117,26,117,1
2016,26,26119,26,119,1
2016,26,26121,26,121,0
2016,26,26123,26,123,1
2016,26,26125,26,125,0
2016,26,26127,26,127,1
2016,26,26129,26,129,1
2016,26,26131,26,131,1
2016,26,26133,26,133,1
2016,26,26135,26,135,1
2016,26,26137,26,137,1
2016,26,26139,26,139,1
2016,26,26141,26,141,1
2016,26,26143,26,143,1
2016,26,26145,26,145,1
2016,26,26151,26,151,1
2016,26,26153,26,153,1
2016,26,26155,26,155,1
2016,26,26147,26,147,1
2016,26,26149,26,149,1
2016,26,26157,26,157,1
2016,26,26159,26,159,1
2016,26,26161,26,161,0
2016,26,26163,26,163,0
2016,26,26165,26,165,1
2016,27,27001,27,001,1
2016,27,27003,27,003,1
2016,27,27005,27,005,1
2016,27,27007,27,007,1
2016,27,27009,27,009,1
2016,27,27011,27,011,1
2016,27,27013,27,013,1
2016,27,27015,27,015,1
2016,27,27017,27,017,0
2016,27,27019,27,019,1
2016,27,27021,27,021,1
2016,27,27023,27,023,1
2016,27,27025,27,025,1
2016,27,27027,27,027,1
2016,27,27029,27,029,1
2016,27,27031,27,031,0
2016,27,27033,27,033,1
2016,27,27035,27,035,1
2016,27,27037,27,037,0
2016,27,27039,27,039,1
2016,27,27041,27,041,1
2016,27,27043,27,043,1
2016,27,27045,27,045,1
2016,27,27047,27,047,1
2016,27,27049,27,049,1
2016,27,27051,27,051,1
2016,27,27053,27,053,0
2016,27,27055,27,055,1
2016,27,27057,27,057,1
2016,27,27059,27,059,1
2016,27,27061,27,061,1
2016,27,27063,27,063,1
2016,27,27065,27,065,1
2016,27,27067,27,067,1
2016,27,27069,27,069,1
2016,27,27071,27,071,1
2016,27,27073,27,073,1
2016,27,27075,27,075,0
2016,27,27077,27,077,1
2016,27,27079,27,079,1
2016,27,27081,27,081,1
2016,27,27083,27,083,1
2016,27,27087,27,087,1
2016,27,27089,27,089,1
2016,27,27091,27,091,1
2016,27,27085,27,085,1
2016,27,27093,27,093,1
2016,27,27095,27,095,1
2016,27,27097,27,097,1
2016,27,27099,27,099,1
2016,27,27101,27,101,1
2016,27,27103,27,103,1
2016,27,27105,27,105,1
2016,27,27107,27,107,1
2016,27,27109,27,109,0
2016,27,27111,27,111,1
2016,27,27113,27,113,1
2016,27,27115,27,115,1
2016,27,27117,27,117,1
2016,27,27119,27,119,1
2016,27,27121,27,121,1
2016,27,27123,27,123,0
2016,27,27125,27,125,1
2016,27,27127,27,127,1
2016,27,27129,27,129,1
2016,27,27131,27,131,1
2016,27,27133,27,133,1
2016,27,27135,27,135,1
2016,27,27139,27,139,1
2016,27,27141,27,141,1
2016,27,27143,27,143,1
2016,27,27137,27,137,0
2016,27,27145,27,145,1
2016,27,27147,27,147,1
2016,27,27149,27,149,1
2016,27,27151,27,151,1
2016,27,27153,27,153,1
2016,27,27155,27,155,1
2016,27,27157,27,157,1
2016,27,27159,27,159,1
2016,27,27161,27,161,1
2016,27,27163,27,163,0
2016,27,27165,27,165,1
2016,27,27167,27,167,1
2016,27,27169,27,169,1
2016,27,27171,27,171,1
2016,27,27173,27,173,1
2016,29,29001,29,001,1
2016,29,29003,29,003,1
2016,29,29005,29,005,1
2016,29,29007,29,007,1
2016,29,29009,29,009,1
2016,29,29011,29,011,1
2016,29,29013,29,013,1
2016,29,29015,29,015,1
2016,29,29017,29,017,1
2016,29,29019,29,019,0
2016,29,29021,29,021,1
2016,29,29023,29,023,1
2016,29,29025,29,025,1
2016,29,29027,29,027,1
2016,29,29029,29,029,1
2016,29,29031,29,031,1
2016,29,29033,29,033,1
2016,29,29035,29,035,1
2016,29,29037,29,037,1
2016,29,29039,29,039,1
2016,29,29041,29,041,1
2016,29,29043,29,043,1
2016,29,29045,29,045,1
2016,29,29047,29,047,1
2016,29,29049,29,049,1
2016,29,29051,29,051,1
2016,29,29053,29,053,1
2016,29,29055,29,055,1
2016,29,29057,29,057,1
2016,29,29059,29,059,1
2016,29,29061,29,061,1
2016,29,29063,29,063,1
2016,29,29065,29,065,1
2016,29,29067,29,067,1
2016,29,29069,29,069,1
2016,29,29071,29,071,1
2016,29,29073,29,073,1
2016,29,29075,29,075,1
2016,29,29077,29,077,1
2016,29,29079,29,079,1
2016,29,29081,29,081,1
2016,29,29083,29,083,1
2016,29,29085,29,085,1
2016,29,29087,29,087,1
2016,29,29089,29,089,1
2016,29,29091,29,091,1
2016,29,29093,29,093,1
2016,29,29095,29,095,0
2016,29,29097,29,097,1
2016,29,29099,29,099,1
2016,29,29101,29,101,1
2016,29,29103,29,103,1
2016,29,29105,29,105,1
2016,29,29107,29,107,1
2016,29,29109,29,109,1
2016,29,29111,29,111,1
2016,29,29113,29,113,1
2016,29,29115,29,115,1
2016,29,29117,29,117,1
2016,29,29121,29,121,1
2016,29,29123,29,123,1
2016,29,29125,29,125,1
2016,29,29127,29,127,1
2016,29,29119,29,119,1
2016,29,29129,29,129,1
2016,29,29131,29,131,1
2016,29,29133,29,133,1
2016,29,29135,29,135,1
2016,29,29137,29,137,1
2016,29,29139,29,139,1
2016,29,29141,29,141,1
2016,29,29143,29,143,1
2016,29,29145,29,145,1
2016,29,29147,29,147,1
2016,29,29149,29,149,1
2016,29,29151,29,151,1
2016,29,29153,29,153,1
2016,29,29155,29,155,1
2016,29,29157,29,157,1
2016,29,29159,29,159,1
2016,29,29161,29,161,1
2016,29,29163,29,163,1
2016,29,29165,29,165,1
2016,29,29167,29,167,1
2016,29,29169,29,169,1
2016,29,29171,29,171,1
2016,29,29173,29,173,1
2016,29,29175,29,175,1
2016,29,29177,29,177,1
2016,29,29179,29,179,1
2016,29,29181,29,181,1
2016,29,29195,29,195,1
2016,29,29197,29,197,1
2016,29,29199,29,199,1
2016,29,29201,29,201,1
2016,29,29203,29,203,1
2016,29,29205,29,205,1
2016,29,29183,29,183,1
2016,29,29185,29,185,1
2016,29,29187,29,187,1
2016,29,29189,29,189,0
2016,29,29510,29,510,0
2016,29,29186,29,186,1
2016,29,29207,29,207,1
2016,29,29209,29,209,1
2016,29,29211,29,211,1
2016,29,29213,29,213,1
2016,29,29215,29,215,1
2016,29,29217,29,217,1
2016,29,29219,29,219,1
2016,29,29221,29,221,1
2016,29,29223,29,223,1
2016,29,29225,29,225,1
2016,29,29227,29,227,1
2016,29,29229,29,229,1
2016,28,28001,28,001,0
2016,28,28003,28,003,1
2016,28,28005,28,005,1
2016,28,28007,28,007,1
2016,28,28009,28,009,1
2016,28,28011,28,011,0
2016,28,28013,28,013,1
2016,28,28015,28,015,1
2016,28,28017,28,017,1
2016,28,28019,28,019,1
2016,28,28021,28,021,0
2016,28,28023,28,023,1
2016,28,28025,28,025,0
2016,28,28027,28,027,0
2016,28,28029,28,029,0
2016,28,28031,28,031,1
2016,28,28033,28,033,1
2016,28,28035,28,035,1
2016,28,28037,28,037,1
2016,28,28039,28,039,1
2016,28,28041,28,041,1
2016,28,28043,28,043,1
2016,28,28045,28,045,1
2016,28,28047,28,047,1
2016,28,28049,28,049,0
2016,28,28051,28,051,0
2016,28,28053,28,053,0
2016,28,28055,28,055,0
2016,28,28057,28,057,1
2016,28,28059,28,059,1
2016,28,28061,28,061,0
2016,28,28063,28,063,0
2016,28,28065,28,065,0
2016,28,28067,28,067,1
2016,28,28069,28,069,0
2016,28,28071,28,071,1
2016,28,28073,28,073,1
2016,28,28075,28,075,1
2016,28,28077,28,077,1
2016,28,28079,28,079,1
2016,28,28081,28,081,1
2016,28,28083,28,083,0
2016,28,28085,28,085,1
2016,28,28087,28,087,1
2016,28,28089,28,089,1
2016,28,28091,28,091,1
2016,28,28093,28,093,0
2016,28,28095,28,095,1
2016,28,28097,28,097,1
2016,28,28099,28,099,1
2016,28,28101,28,101,1
2016,28,28103,28,103,0
2016,28,28105,28,105,0
2016,28,28107,28,107,1
2016,28,28109,28,109,1
2016,28,28111,28,111,1
2016,28,28113,28,113,1
2016,28,28115,28,115,1
2016,28,28117,28,117,1
2016,28,28119,28,119,0
2016,28,28121,28,121,1
2016,28,28123,28,123,1
2016,28,28125,28,125,0
2016,28,28127,28,127,1
2016,28,28129,28,129,1
2016,28,28131,28,131,1
2016,28,28133,28,133,0
2016,28,28135,28,135,0
2016,28,28137,28,137,1
2016,28,28139,28,139,1
2016,28,28141,28,141,1
2016,28,28143,28,143,0
2016,28,28145,28,145,1
2016,28,28147,28,147,1
2016,28,28149,28,149,1
2016,28,28151,28,151,0
2016,28,28153,28,153,1
2016,28,28155,28,155,1
2016,28,28157,28,157,0
2016,28,28159,28,159,1
2016,28,28161,28,161,1
2016,28,28163,28,163,0
2016,30,30001,30,001,1
2016,30,30003,30,003,0
2016,30,30005,30,005,1
2016,30,30007,30,007,1
2016,30,30009,30,009,1
2016,30,30011,30,011,1
2016,30,30013,30,013,1
2016,30,30015,30,015,1
2016,30,30017,30,017,1
2016,30,30019,30,019,1
2016,30,30021,30,021,1
2016,30,30023,30,023,0
2016,30,30025,30,025,1
2016,30,30027,30,027,1
2016,30,30029,30,029,1
2016,30,30031,30,031,0
2016,30,30033,30,033,1
2016,30,30035,30,035,0
2016,30,30037,30,037,1
2016,30,30039,30,039,1
2016,30,30041,30,041,1
2016,30,30043,30,043,1
2016,30,30045,30,045,1
2016,30,30047,30,047,1
2016,30,30049,30,049,1
2016,30,30051,30,051,1
2016,30,30053,30,053,1
2016,30,30057,30,057,1
2016,30,30055,30,055,1
2016,30,30059,30,059,1
2016,30,30061,30,061,1
2016,30,30063,30,063,0
2016,30,30065,30,065,1
2016,30,30067,30,067,1
2016,30,30069,30,069,1
2016,30,30071,30,071,1
2016,30,30073,30,073,1
2016,30,30075,30,075,1
2016,30,30077,30,077,1
2016,30,30079,30,079,1
2016,30,30081,30,081,1
2016,30,30083,30,083,1
2016,30,30085,30,085,1
2016,30,30087,30,087,1
2016,30,30089,30,089,1
2016,30,30091,30,091,1
2016,30,30093,30,093,0
2016,30,30095,30,095,1
2016,30,30097,30,097,1
2016,30,30099,30,099,1
2016,30,30101,30,101,1
2016,30,30103,30,103,1
2016,30,30105,30,105,1
2016,30,30107,30,107,1
2016,30,30109,30,109,1
2016,30,30111,30,111,1
2016,37,37001,37,001,1
2016,37,37003,37,003,1
2016,37,37005,37,005,1
2016,37,37007,37,007,0
2016,37,37009,37,009,1
2016,37,37011,37,011,1
2016,37,37013,37,013,1
2016,37,37015,37,015,0
2016,37,37017,37,017,1
2016,37,37019,37,019,1
2016,37,37021,37,021,0
2016,37,37023,37,023,1
2016,37,37025,37,025,1
2016,37,37027,37,027,1
2016,37,37029,37,029,1
2016,37,37031,37,031,1
2016,37,37033,37,033,1
2016,37,37035,37,035,1
2016,37,37037,37,037,0
2016,37,37039,37,039,1
2016,37,37041,37,041,1
2016,37,37043,37,043,1
2016,37,37045,37,045,1
2016,37,37047,37,047,1
2016,37,37049,37,049,1
2016,37,37051,37,051,0
2016,37,37053,37,053,1
2016,37,37055,37,055,1
2016,37,37057,37,057,1
2016,37,37059,37,059,1
2016,37,37061,37,061,1
2016,37,37063,37,063,0
2016,37,37065,37,065,0
2016,37,37067,37,067,0
2016,37,37069,37,069,1
2016,37,37071,37,071,1
2016,37,37073,37,073,1
2016,37,37075,37,075,1
2016,37,37077,37,077,1
2016,37,37079,37,079,1
2016,37,37081,37,081,0
2016,37,37083,37,083,0
2016,37,37085,37,085,1
2016,37,37087,37,087,1
2016,37,37089,37,089,1
2016,37,37091,37,091,0
2016,37,37093,37,093,0
2016,37,37095,37,095,1
2016,37,37097,37,097,1
2016,37,37099,37,099,1
2016,37,37101,37,101,1
2016,37,37103,37,103,1
2016,37,37105,37,105,1
2016,37,37107,37,107,1
2016,37,37109,37,109,1
2016,37,37113,37,113,1
2016,37,37115,37,115,1
2016,37,37117,37,117,1
2016,37,37111,37,111,1
2016,37,37119,37,119,0
2016,37,37121,37,121,1
2016,37,37123,37,123,1
2016,37,37125,37,125,1
2016,37,37127,37,127,1
2016,37,37129,37,129,1
2016,37,37131,37,131,0
2016,37,37133,37,133,1
2016,37,37135,37,135,0
2016,37,37137,37,137,1
2016,37,37139,37,139,0
2016,37,37141,37,141,1
2016,37,37143,37,143,1
2016,37,37145,37,145,1
2016,37,37147,37,147,0
2016,37,37149,37,149,1
2016,37,37151,37,151,1
2016,37,37153,37,153,1
2016,37,37155,37,155,1
2016,37,37157,37,157,1
2016,37,37159,37,159,1
2016,37,37161,37,161,1
2016,37,37163,37,163,1
2016,37,37165,37,165,0
2016,37,37167,37,167,1
2016,37,37169,37,169,1
2016,37,37171,37,171,1
2016,37,37173,37,173,1
2016,37,37175,37,175,1
2016,37,37177,37,177,1
2016,37,37179,37,179,1
2016,37,37181,37,181,0
2016,37,37183,37,183,0
2016,37,37185,37,185,0
2016,37,37187,37,187,0
2016,37,37189,37,189,0
2016,37,37191,37,191,1
2016,37,37193,37,193,1
2016,37,37195,37,195,0
2016,37,37197,37,197,1
2016,37,37199,37,199,1
2016,38,38001,38,001,1
2016,38,38003,38,003,1
2016,38,38005,38,005,1
2016,38,38007,38,007,1
2016,38,38009,38,009,1
2016,38,38011,38,011,1
2016,38,38013,38,013,1
2016,38,38015,38,015,1
2016,38,38017,38,017,1
2016,38,38019,38,019,1
2016,38,38021,38,021,1
2016,38,38023,38,023,1
2016,38,38025,38,025,1
2016,38,38027,38,027,1
2016,38,38029,38,029,1
2016,38,38031,38,031,1
2016,38,38033,38,033,1
2016,38,38035,38,035,1
2016,38,38037,38,037,1
2016,38,38039,38,039,1
2016,38,38041,38,041,1
2016,38,38043,38,043,1
2016,38,38045,38,045,1
2016,38,38047,38,047,1
2016,38,38049,38,049,1
2016,38,38051,38,051,1
2016,38,38053,38,053,1
2016,38,38055,38,055,1
2016,38,38057,38,057,1
2016,38,38059,38,059,1
2016,38,38061,38,061,1
2016,38,38063,38,063,1
2016,38,38065,38,065,1
2016,38,38067,38,067,1
2016,38,38069,38,069,1
2016,38,38071,38,071,1
2016,38,38073,38,073,1
2016,38,38075,38,075,1
2016,38,38077,38,077,1
2016,38,38079,38,079,0
2016,38,38081,38,081,1
2016,38,38083,38,083,1
2016,38,38085,38,085,0
2016,38,38087,38,087,1
2016,38,38089,38,089,1
2016,38,38091,38,091,1
2016,38,38093,38,093,1
2016,38,38095,38,095,1
2016,38,38097,38,097,1
2016,38,38099,38,099,1
2016,38,38101,38,101,1
2016,38,38103,38,103,1
2016,38,38105,38,105,1
2016,31,31001,31,001,1
2016,31,31003,31,003,1
2016,31,31005,31,005,1
2016,31,31007,31,007,1
2016,31,31009,31,009,1
2016,31,31011,31,011,1
2016,31,31013,31,013,1
2016,31,31015,31,015,1
2016,31,31017,31,017,1
2016,31,31019,31,019,1
2016,31,31021,31,021,1
2016,31,31023,31,023,1
2016,31,31025,31,025,1
2016,31,31027,31,027,1
2016,31,31029,31,029,1
2016,31,31031,31,031,1
2016,31,31033,31,033,1
2016,31,31035,31,035,1
2016,31,31037,31,037,1
2016,31,31039,31,039,1
2016,31,31041,31,041,1
2016,31,31043,31,043,1
2016,31,31045,31,045,1
2016,31,31047,31,047,1
2016,31,31049,31,049,1
2016,31,31051,31,051,1
2016,31,31053,31,053,1
2016,31,31055,31,055,0
2016,31,31057,31,057,1
2016,31,31059,31,059,1
2016,31,31061,31,061,1
2016,31,31063,31,063,1
2016,31,31065,31,065,1
2016,31,31067,31,067,1
2016,31,31069,31,069,1
2016,31,31071,31,071,1
2016,31,31073,31,073,1
2016,31,31075,31,075,1
2016,31,31077,31,077,1
2016,31,31079,31,079,1
2016,31,31081,31,081,1
2016,31,31083,31,083,1
2016,31,31085,31,085,1
2016,31,31087,31,087,1
2016,31,31089,31,089,1
2016,31,31091,31,091,1
2016,31,31093,31,093,1
2016,31,31095,31,095,1
2016,31,31097,31,097,1
2016,31,31099,31,099,1
2016,31,31101,31,101,1
2016,31,31103,31,103,1
2016,31,31105,31,105,1
2016,31,31107,31,107,1
2016,31,31109,31,109,0
2016,31,31111,31,111,1
2016,31,31113,31,113,1
2016,31,31115,31,115,1
2016,31,31119,31,119,1
2016,31,31117,31,117,1
2016,31,31121,31,121,1
2016,31,31123,31,123,1
2016,31,31125,31,125,1
2016,31,31127,31,127,1
2016,31,31129,31,129,1
2016,31,31131,31,131,1
2016,31,31133,31,133,1
2016,31,31135,31,135,1
2016,31,31137,31,137,1
2016,31,31139,31,139,1
2016,31,31141,31,141,1
2016,31,31143,31,143,1
2016,31,31145,31,145,1
2016,31,31147,31,147,1
2016,31,31149,31,149,1
2016,31,31151,31,151,1
2016,31,31153,31,153,1
2016,31,31155,31,155,1
2016,31,31157,31,157,1
2016,31,31159,31,159,1
2016,31,31161,31,161,1
2016,31,31163,31,163,1
2016,31,31165,31,165,1
2016,31,31167,31,167,1
2016,31,31169,31,169,1
2016,31,31171,31,171,1
2016,31,31173,31,173,1
2016,31,31175,31,175,1
2016,31,31177,31,177,1
2016,31,31179,31,179,1
2016,31,31181,31,181,1
2016,31,31183,31,183,1
2016,31,31185,31,185,1
2016,33,33001,33,001,1
2016,33,33003,33,003,1
2016,33,33005,33,005,0
2016,33,33007,33,007,1
2016,33,33009,33,009,0
2016,33,33011,33,011,1
2016,33,33013,33,013,0
2016,33,33015,33,015,1
2016,33,33017,33,017,0
2016,33,33019,33,019,1
2016,34,34001,34,001,0
2016,34,34003,34,003,0
2016,34,34005,34,005,0
2016,34,34007,34,007,0
2016,34,34009,34,009,1
2016,34,34011,34,011,0
2016,34,34013,34,013,0
2016,34,34015,34,015,1
2016,34,34017,34,017,0
2016,34,34019,34,019,1
2016,34,34021,34,021,0
2016,34,34023,34,023,0
2016,34,34025,34,025,1
2016,34,34027,34,027,1
2016,34,34029,34,029,1
2016,34,34031,34,031,0
2016,34,34033,34,033,1
2016,34,34035,34,035,0
2016,34,34037,34,037,1
2016,34,34039,34,039,0
2016,34,34041,34,041,1
2016,35,35001,35,001,0
2016,35,35003,35,003,1
2016,35,35005,35,005,1
2016,35,35006,35,006,0
2016,35,35007,35,007,1
2016,35,35009,35,009,1
2016,35,35011,35,011,1
2016,35,35013,35,013,0
2016,35,35015,35,015,1
2016,35,35017,35,017,0
2016,35,35019,35,019,0
2016,35,35021,35,021,1
2016,35,35023,35,023,1
2016,35,35025,35,025,1
2016,35,35027,35,027,1
2016,35,35028,35,028,0
2016,35,35029,35,029,1
2016,35,35031,35,031,0
2016,35,35033,35,033,0
2016,35,35035,35,035,1
2016,35,35037,35,037,1
2016,35,35039,35,039,0
2016,35,35041,35,041,1
2016,35,35043,35,043,0
2016,35,35045,35,045,1
2016,35,35047,35,047,0
2016,35,35049,35,049,0
2016,35,35051,35,051,1
2016,35,35053,35,053,0
2016,35,35055,35,055,0
2016,35,35057,35,057,1
2016,35,35059,35,059,1
2016,35,35061,35,061,1
2016,32,32510,32,510,1
2016,32,32001,32,001,1
2016,32,32003,32,003,0
2016,32,32005,32,005,1
2016,32,32007,32,007,1
2016,32,32009,32,009,1
2016,32,32011,32,011,1
2016,32,32013,32,013,1
2016,32,32015,32,015,1
2016,32,32017,32,017,1
2016,32,32019,32,019,1
2016,32,32021,32,021,1
2016,32,32023,32,023,1
2016,32,32027,32,027,1
2016,32,32029,32,029,1
2016,32,32031,32,031,0
2016,32,32033,32,033,1
2016,36,36001,36,001,0
2016,36,36003,36,003,1
2016,36,36005,36,005,0
2016,36,36007,36,007,1
2016,36,36009,36,009,1
2016,36,36011,36,011,1
2016,36,36013,36,013,1
2016,36,36015,36,015,1
2016,36,36017,36,017,1
2016,36,36019,36,019,0
2016,36,36021,36,021,0
2016,36,36023,36,023,1
2016,36,36025,36,025,1
2016,36,36027,36,027,1
2016,36,36029,36,029,0
2016,36,36031,36,031,1
2016,36,36033,36,033,1
2016,36,36035,36,035,1
2016,36,36037,36,037,1
2016,36,36039,36,039,1
2016,36,36041,36,041,1
2016,36,36043,36,043,1
2016,36,36045,36,045,1
2016,36,36047,36,047,0
2016,36,36049,36,049,1
2016,36,36051,36,051,1
2016,36,36053,36,053,1
2016,36,36055,36,055,0
2016,36,36057,36,057,1
2016,36,36059,36,059,0
2016,36,36061,36,061,0
2016,36,36063,36,063,1
2016,36,36065,36,065,1
2016,36,36067,36,067,0
2016,36,36069,36,069,1
2016,36,36071,36,071,1
2016,36,36073,36,073,1
2016,36,36075,36,075,1
2016,36,36077,36,077,1
2016,36,36079,36,079,1
2016,36,36081,36,081,0
2016,36,36083,36,083,1
2016,36,36085,36,085,1
2016,36,36087,36,087,0
2016,36,36091,36,091,1
2016,36,36093,36,093,0
2016,36,36095,36,095,1
2016,36,36097,36,097,1
2016,36,36099,36,099,1
2016,36,36089,36,089,1
2016,36,36101,36,101,1
2016,36,36103,36,103,1
2016,36,36105,36,105,1
2016,36,36107,36,107,1
2016,36,36109,36,109,0
2016,36,36111,36,111,0
2016,36,36113,36,113,1
2016,36,36115,36,115,1
2016,36,36117,36,117,1
2016,36,36119,36,119,0
2016,36,36121,36,121,1
2016,36,36123,36,123,1
2016,39,39001,39,001,1
2016,39,39003,39,003,1
2016,39,39005,39,005,1
2016,39,39007,39,007,1
2016,39,39009,39,009,0
2016,39,39011,39,011,1
2016,39,39013,39,013,1
2016,39,39015,39,015,1
2016,39,39017,39,017,1
2016,39,39019,39,019,1
2016,39,39021,39,021,1
2016,39,39023,39,023,1
2016,39,39025,39,025,1
2016,39,39027,39,027,1
2016,39,39029,39,029,1
2016,39,39031,39,031,1
2016,39,39033,39,033,1
2016,39,39035,39,035,0
2016,39,39037,39,037,1
2016,39,39039,39,039,1
2016,39,39041,39,041,1
2016,39,39043,39,043,1
2016,39,39045,39,045,1
2016,39,39047,39,047,1
2016,39,39049,39,049,0
2016,39,39051,39,051,1
2016,39,39053,39,053,1
2016,39,39055,39,055,1
2016,39,39057,39,057,1
2016,39,39059,39,059,1
2016,39,39061,39,061,0
2016,39,39063,39,063,1
2016,39,39065,39,065,1
2016,39,39067,39,067,1
2016,39,39069,39,069,1
2016,39,39071,39,071,1
2016,39,39073,39,073,1
2016,39,39075,39,075,1
2016,39,39077,39,077,1
2016,39,39079,39,079,1
2016,39,39081,39,081,1
2016,39,39083,39,083,1
2016,39,39085,39,085,1
2016,39,39087,39,087,1
2016,39,39089,39,089,1
2016,39,39091,39,091,1
2016,39,39093,39,093,1
2016,39,39095,39,095,0
2016,39,39097,39,097,1
2016,39,39099,39,099,0
2016,39,39101,39,101,1
2016,39,39103,39,103,1
2016,39,39105,39,105,1
2016,39,39107,39,107,1
2016,39,39109,39,109,1
2016,39,39111,39,111,1
2016,39,39113,39,113,1
2016,39,39115,39,115,1
2016,39,39117,39,117,1
2016,39,39119,39,119,1
2016,39,39121,39,121,1
2016,39,39123,39,123,1
2016,39,39125,39,125,1
2016,39,39127,39,127,1
2016,39,39129,39,129,1
2016,39,39131,39,131,1
2016,39,39133,39,133,1
2016,39,39135,39,135,1
2016,39,39137,39,137,1
2016,39,39139,39,139,1
2016,39,39141,39,141,1
2016,39,39143,39,143,1
2016,39,39145,39,145,1
2016,39,39147,39,147,1
2016,39,39149,39,149,1
2016,39,39151,39,151,1
2016,39,39153,39,153,0
2016,39,39155,39,155,1
2016,39,39157,39,157,1
2016,39,39159,39,159,1
2016,39,39161,39,161,1
2016,39,39163,39,163,1
2016,39,39165,39,165,1
2016,39,39167,39,167,1
2016,39,39169,39,169,1
2016,39,39171,39,171,1
2016,39,39173,39,173,1
2016,39,39175,39,175,1
2016,40,40001,40,001,1
2016,40,40003,40,003,1
2016,40,40005,40,005,1
2016,40,40007,40,007,1
2016,40,40009,40,009,1
2016,40,40011,40,011,1
2016,40,40013,40,013,1
2016,40,40015,40,015,1
2016,40,40017,40,017,1
2016,40,40019,40,019,1
2016,40,40021,40,021,1
2016,40,40023,40,023,1
2016,40,40025,40,025,1
2016,40,40027,40,027,1
2016,40,40029,40,029,1
2016,40,40031,40,031,1
2016,40,40033,40,033,1
2016,40,40035,40,035,1
2016,40,40037,40,037,1
2016,40,40039,40,039,1
2016,40,40041,40,041,1
2016,40,40043,40,043,1
2016,40,40045,40,045,1
2016,40,40047,40,047,1
2016,40,40049,40,049,1
2016,40,40051,40,051,1
2016,40,40053,40,053,1
2016,40,40055,40,055,1
2016,40,40057,40,057,1
2016,40,40059,40,059,1
2016,40,40061,40,061,1
2016,40,40063,40,063,1
2016,40,40065,40,065,1
2016,40,40067,40,067,1
2016,40,40069,40,069,1
2016,40,40071,40,071,1
2016,40,40073,40,073,1
2016,40,40075,40,075,1
2016,40,40077,40,077,1
2016,40,40079,40,079,1
2016,40,40081,40,081,1
2016,40,40083,40,083,1
2016,40,40085,40,085,1
2016,40,40093,40,093,1
2016,40,40095,40,095,1
2016,40,40097,40,097,1
2016,40,40087,40,087,1
2016,40,40089,40,089,1
2016,40,40091,40,091,1
2016,40,40099,40,099,1
2016,40,40101,40,101,1
2016,40,40103,40,103,1
2016,40,40105,40,105,1
2016,40,40107,40,107,1
2016,40,40109,40,109,1
2016,40,40111,40,111,1
2016,40,40113,40,113,1
2016,40,40115,40,115,1
2016,40,40117,40,117,1
2016,40,40119,40,119,1
2016,40,40121,40,121,1
2016,40,40123,40,123,1
2016,40,40125,40,125,1
2016,40,40127,40,127,1
2016,40,40129,40,129,1
2016,40,40131,40,131,1
2016,40,40133,40,133,1
2016,40,40135,40,135,1
2016,40,40137,40,137,1
2016,40,40139,40,139,1
2016,40,40141,40,141,1
2016,40,40143,40,143,1
2016,40,40145,40,145,1
2016,40,40147,40,147,1
2016,40,40149,40,149,1
2016,40,40151,40,151,1
2016,40,40153,40,153,1
2016,41,41001,41,001,1
2016,41,41003,41,003,0
2016,41,41005,41,005,0
2016,41,41007,41,007,0
2016,41,41009,41,009,1
2016,41,41011,41,011,1
2016,41,41013,41,013,1
2016,41,41015,41,015,1
2016,41,41017,41,017,1
2016,41,41019,41,019,1
2016,41,41021,41,021,1
2016,41,41023,41,023,1
2016,41,41025,41,025,1
2016,41,41027,41,027,0
2016,41,41029,41,029,1
2016,41,41031,41,031,1
2016,41,41033,41,033,1
2016,41,41035,41,035,1
2016,41,41037,41,037,1
2016,41,41039,41,039,0
2016,41,41041,41,041,0
2016,41,41043,41,043,1
2016,41,41045,41,045,1
2016,41,41047,41,047,1
2016,41,41049,41,049,1
2016,41,41051,41,051,0
2016,41,41053,41,053,1
2016,41,41055,41,055,1
2016,41,41057,41,057,1
2016,41,41059,41,059,1
2016,41,41061,41,061,1
2016,41,41063,41,063,1
2016,41,41065,41,065,1
2016,41,41067,41,067,0
2016,41,41069,41,069,1
2016,41,41071,41,071,1
2016,42,42001,42,001,1
2016,42,42003,42,003,0
2016,42,42005,42,005,1
2016,42,42007,42,007,1
2016,42,42009,42,009,1
2016,42,42011,42,011,1
2016,42,42013,42,013,1
2016,42,42015,42,015,1
2016,42,42017,42,017,0
2016,42,42019,42,019,1
2016,42,42021,42,021,1
2016,42,42023,42,023,1
2016,42,42025,42,025,1
2016,42,42027,42,027,0
2016,42,42029,42,029,0
2016,42,42031,42,031,1
2016,42,42033,42,033,1
2016,42,42035,42,035,1
2016,42,42037,42,037,1
2016,42,42039,42,039,1
2016,42,42041,42,041,1
2016,42,42043,42,043,0
2016,42,42045,42,045,0
2016,42,42047,42,047,1
2016,42,42049,42,049,1
2016,42,42051,42,051,1
2016,42,42053,42,053,1
2016,42,42055,42,055,1
2016,42,42057,42,057,1
2016,42,42059,42,059,1
2016,42,42061,42,061,1
2016,42,42063,42,063,1
2016,42,42065,42,065,1
2016,42,42067,42,067,1
2016,42,42069,42,069,0
2016,42,42071,42,071,1
2016,42,42073,42,073,1
2016,42,42075,42,075,1
2016,42,42077,42,077,0
2016,42,42079,42,079,1
2016,42,42081,42,081,1
2016,42,42083,42,083,1
2016,42,42085,42,085,1
2016,42,42087,42,087,1
2016,42,42089,42,089,0
2016,42,42091,42,091,0
2016,42,42093,42,093,1
2016,42,42095,42,095,1
2016,42,42097,42,097,1
2016,42,42099,42,099,1
2016,42,42101,42,101,0
2016,42,42103,42,103,1
2016,42,42105,42,105,1
2016,42,42107,42,107,1
2016,42,42109,42,109,1
2016,42,42111,42,111,1
2016,42,42113,42,113,1
2016,42,42115,42,115,1
2016,42,42117,42,117,1
2016,42,42119,42,119,1
2016,42,42121,42,121,1
2016,42,42123,42,123,1
2016,42,42125,42,125,1
2016,42,42127,42,127,1
2016,42,42129,42,129,1
2016,42,42131,42,131,1
2016,42,42133,42,133,1
2016,44,44001,44,001,0
2016,44,44003,44,003,1
2016,44,44005,44,005,0
2016,44,44007,44,007,0
2016,44,44009,44,009,0
2016,45,45001,45,001,1
2016,45,45003,45,003,1
2016,45,45005,45,005,0
2016,45,45007,45,007,1
2016,45,45009,45,009,0
2016,45,45011,45,011,1
2016,45,45013,45,013,1
2016,45,45015,45,015,1
2016,45,45017,45,017,1
2016,45,45019,45,019,0
2016,45,45021,45,021,1
2016,45,45023,45,023,1
2016,45,45025,45,025,1
2016,45,45027,45,027,0
2016,45,45029,45,029,1
2016,45,45031,45,031,1
2016,45,45033,45,033,0
2016,45,45035,45,035,1
2016,45,45037,45,037,1
2016,45,45039,45,039,0
2016,45,45041,45,041,1
2016,45,45043,45,043,1
2016,45,45045,45,045,1
2016,45,45047,45,047,1
2016,45,45049,45,049,0
2016,45,45051,45,051,1
2016,45,45053,45,053,0
2016,45,45055,45,055,1
2016,45,45057,45,057,1
2016,45,45059,45,059,1
2016,45,45061,45,061,0
2016,45,45063,45,063,1
2016,45,45067,45,067,0
2016,45,45069,45,069,0
2016,45,45065,45,065,1
2016,45,45071,45,071,1
2016,45,45073,45,073,1
2016,45,45075,45,075,0
2016,45,45077,45,077,1
2016,45,45079,45,079,0
2016,45,45081,45,081,1
2016,45,45083,45,083,1
2016,45,45085,45,085,0
2016,45,45087,45,087,1
2016,45,45089,45,089,0
2016,45,45091,45,091,1
2016,46,46003,46,003,1
2016,46,46005,46,005,1
2016,46,46007,46,007,1
2016,46,46009,46,009,1
2016,46,46011,46,011,1
2016,46,46013,46,013,1
2016,46,46015,46,015,1
2016,46,46017,46,017,0
2016,46,46019,46,019,1
2016,46,46021,46,021,1
2016,46,46023,46,023,1
2016,46,46025,46,025,1
2016,46,46027,46,027,0
2016,46,46029,46,029,1
2016,46,46031,46,031,1
2016,46,46033,46,033,1
2016,46,46035,46,035,1
2016,46,46037,46,037,1
2016,46,46039,46,039,1
2016,46,46041,46,041,0
2016,46,46043,46,043,1
2016,46,46045,46,045,1
2016,46,46047,46,047,1
2016,46,46049,46,049,1
2016,46,46051,46,051,1
2016,46,46053,46,053,1
2016,46,46055,46,055,1
2016,46,46057,46,057,1
2016,46,46059,46,059,1
2016,46,46061,46,061,1
2016,46,46063,46,063,1
2016,46,46065,46,065,1
2016,46,46067,46,067,1
2016,46,46069,46,069,1
2016,46,46071,46,071,1
2016,46,46073,46,073,1
2016,46,46075,46,075,1
2016,46,46077,46,077,1
2016,46,46079,46,079,1
2016,46,46081,46,081,1
2016,46,46083,46,083,1
2016,46,46085,46,085,1
2016,46,46091,46,091,1
2016,46,46087,46,087,1
2016,46,46089,46,089,1
2016,46,46093,46,093,1
2016,46,46095,46,095,1
2016,46,46097,46,097,1
2016,46,46099,46,099,1
2016,46,46101,46,101,1
2016,46,46113,46,113,0
2016,46,46103,46,103,1
2016,46,46105,46,105,1
2016,46,46107,46,107,1
2016,46,46109,46,109,1
2016,46,46111,46,111,1
2016,46,46115,46,115,1
2016,46,46117,46,117,1
2016,46,46119,46,119,1
2016,46,46121,46,121,0
2016,46,46123,46,123,1
2016,46,46125,46,125,1
2016,46,46127,46,127,1
2016,46,46129,46,129,1
2016,46,46135,46,135,1
2016,46,46137,46,137,1
2016,47,47001,47,001,1
2016,47,47003,47,003,1
2016,47,47005,47,005,1
2016,47,47007,47,007,1
2016,47,47009,47,009,1
2016,47,47011,47,011,1
2016,47,47013,47,013,1
2016,47,47015,47,015,1
2016,47,47017,47,017,1
2016,47,47019,47,019,1
2016,47,47021,47,021,1
2016,47,47023,47,023,1
2016,47,47025,47,025,1
2016,47,47027,47,027,1
2016,47,47029,47,029,1
2016,47,47031,47,031,1
2016,47,47033,47,033,1
2016,47,47035,47,035,1
2016,47,47037,47,037,0
2016,47,47039,47,039,1
2016,47,47041,47,041,1
2016,47,47043,47,043,1
2016,47,47045,47,045,1
2016,47,47047,47,047,1
2016,47,47049,47,049,1
2016,47,47051,47,051,1
2016,47,47053,47,053,1
2016,47,47055,47,055,1
2016,47,47057,47,057,1
2016,47,47059,47,059,1
2016,47,47061,47,061,1
2016,47,47063,47,063,1
2016,47,47065,47,065,1
2016,47,47067,47,067,1
2016,47,47069,47,069,1
2016,47,47071,47,071,1
2016,47,47073,47,073,1
2016,47,47075,47,075,0
2016,47,47077,47,077,1
2016,47,47079,47,079,1
2016,47,47081,47,081,1
2016,47,47083,47,083,1
2016,47,47085,47,085,1
2016,47,47087,47,087,1
2016,47,47089,47,089,1
2016,47,47091,47,091,1
2016,47,47093,47,093,1
2016,47,47095,47,095,1
2016,47,47097,47,097,1
2016,47,47099,47,099,1
2016,47,47101,47,101,1
2016,47,47103,47,103,1
2016,47,47105,47,105,1
2016,47,47111,47,111,1
2016,47,47113,47,113,1
2016,47,47115,47,115,1
2016,47,47117,47,117,1
2016,47,47119,47,119,1
2016,47,47107,47,107,1
2016,47,47109,47,109,1
2016,47,47121,47,121,1
2016,47,47123,47,123,1
2016,47,47125,47,125,1
2016,47,47127,47,127,1
2016,47,47129,47,129,1
2016,47,47131,47,131,1
2016,47,47133,47,133,1
2016,47,47135,47,135,1
2016,47,47137,47,137,1
2016,47,47139,47,139,1
2016,47,47141,47,141,1
2016,47,47143,47,143,1
2016,47,47145,47,145,1
2016,47,47147,47,147,1
2016,47,47149,47,149,1
2016,47,47151,47,151,1
2016,47,47153,47,153,1
2016,47,47155,47,155,1
2016,47,47157,47,157,0
2016,47,47159,47,159,1
2016,47,47161,47,161,1
2016,47,47163,47,163,1
2016,47,47165,47,165,1
2016,47,47167,47,167,1
2016,47,47169,47,169,1
2016,47,47171,47,171,1
2016,47,47173,47,173,1
2016,47,47175,47,175,1
2016,47,47177,47,177,1
2016,47,47179,47,179,1
2016,47,47181,47,181,1
2016,47,47183,47,183,1
2016,47,47185,47,185,1
2016,47,47187,47,187,1
2016,47,47189,47,189,1
2016,48,48001,48,001,1
2016,48,48003,48,003,1
2016,48,48005,48,005,1
2016,48,48007,48,007,1
2016,48,48009,48,009,1
2016,48,48011,48,011,1
2016,48,48013,48,013,1
2016,48,48015,48,015,1
2016,48,48017,48,017,1
2016,48,48019,48,019,1
2016,48,48021,48,021,1
2016,48,48023,48,023,1
2016,48,48025,48,025,1
2016,48,48027,48,027,1
2016,48,48029,48,029,0
2016,48,48031,48,031,1
2016,48,48033,48,033,1
2016,48,48035,48,035,1
2016,48,48037,48,037,1
2016,48,48039,48,039,1
2016,48,48041,48,041,1
2016,48,48043,48,043,1
2016,48,48045,48,045,1
2016,48,48047,48,047,0
2016,48,48049,48,049,1
2016,48,48051,48,051,1
2016,48,48053,48,053,1
2016,48,48055,48,055,1
2016,48,48057,48,057,1
2016,48,48059,48,059,1
2016,48,48061,48,061,0
2016,48,48063,48,063,1
2016,48,48065,48,065,1
2016,48,48067,48,067,1
2016,48,48069,48,069,1
2016,48,48071,48,071,1
2016,48,48073,48,073,1
2016,48,48075,48,075,1
2016,48,48077,48,077,1
2016,48,48079,48,079,1
2016,48,48081,48,081,1
2016,48,48083,48,083,1
2016,48,48085,48,085,1
2016,48,48087,48,087,1
2016,48,48089,48,089,1
2016,48,48091,48,091,1
2016,48,48093,48,093,1
2016,48,48095,48,095,1
2016,48,48097,48,097,1
2016,48,48099,48,099,1
2016,48,48101,48,101,1
2016,48,48103,48,103,1
2016,48,48105,48,105,1
2016,48,48107,48,107,1
2016,48,48109,48,109,0
2016,48,48111,48,111,1
2016,48,48113,48,113,0
2016,48,48115,48,115,1
2016,48,48117,48,117,1
2016,48,48119,48,119,1
2016,48,48121,48,121,1
2016,48,48123,48,123,1
2016,48,48125,48,125,1
2016,48,48127,48,127,0
2016,48,48129,48,129,1
2016,48,48131,48,131,0
2016,48,48133,48,133,1
2016,48,48135,48,135,1
2016,48,48137,48,137,1
2016,48,48139,48,139,1
2016,48,48141,48,141,0
2016,48,48143,48,143,1
2016,48,48145,48,145,1
2016,48,48147,48,147,1
2016,48,48149,48,149,1
2016,48,48151,48,151,1
2016,48,48153,48,153,1
2016,48,48155,48,155,1
2016,48,48157,48,157,0
2016,48,48159,48,159,1
2016,48,48161,48,161,1
2016,48,48163,48,163,0
2016,48,48165,48,165,1
2016,48,48167,48,167,1
2016,48,48169,48,169,1
2016,48,48171,48,171,1
2016,48,48173,48,173,1
2016,48,48175,48,175,1
2016,48,48177,48,177,1
2016,48,48179,48,179,1
2016,48,48181,48,181,1
2016,48,48183,48,183,1
2016,48,48185,48,185,1
2016,48,48187,48,187,1
2016,48,48189,48,189,1
2016,48,48191,48,191,1
2016,48,48193,48,193,1
2016,48,48195,48,195,1
2016,48,48197,48,197,1
2016,48,48199,48,199,1
2016,48,48201,48,201,0
2016,48,48203,48,203,1
2016,48,48205,48,205,1
2016,48,48207,48,207,1
2016,48,48209,48,209,1
2016,48,48211,48,211,1
2016,48,48213,48,213,1
2016,48,48215,48,215,0
2016,48,48217,48,217,1
2016,48,48219,48,219,1
2016,48,48221,48,221,1
2016,48,48223,48,223,1
2016,48,48225,48,225,1
2016,48,48227,48,227,1
2016,48,48229,48,229,1
2016,48,48231,48,231,1
2016,48,48233,48,233,1
2016,48,48235,48,235,1
2016,48,48237,48,237,1
2016,48,48239,48,239,1
2016,48,48241,48,241,1
2016,48,48243,48,243,1
2016,48,48245,48,245,1
2016,48,48247,48,247,0
2016,48,48249,48,249,0
2016,48,48251,48,251,1
2016,48,48253,48,253,1
2016,48,48255,48,255,1
2016,48,48257,48,257,1
2016,48,48259,48,259,1
2016,48,48261,48,261,0
2016,48,48263,48,263,1
2016,48,48265,48,265,1
2016,48,48267,48,267,1
2016,48,48269,48,269,1
2016,48,48271,48,271,1
2016,48,48273,48,273,0
2016,48,48275,48,275,1
2016,48,48277,48,277,1
2016,48,48279,48,279,1
2016,48,48281,48,281,1
2016,48,48283,48,283,0
2016,48,48285,48,285,1
2016,48,48287,48,287,1
2016,48,48289,48,289,1
2016,48,48291,48,291,1
2016,48,48293,48,293,1
2016,48,48295,48,295,1
2016,48,48297,48,297,1
2016,48,48299,48,299,1
2016,48,48301,48,301,1
2016,48,48303,48,303,1
2016,48,48305,48,305,1
2016,48,48313,48,313,1
2016,48,48315,48,315,1
2016,48,48317,48,317,1
2016,48,48319,48,319,1
2016,48,48321,48,321,1
2016,48,48323,48,323,0
2016,48,48307,48,307,1
2016,48,48309,48,309,1
2016,48,48311,48,311,1
2016,48,48325,48,325,1
2016,48,48327,48,327,1
2016,48,48329,48,329,1
2016,48,48331,48,331,1
2016,48,48333,48,333,1
2016,48,48335,48,335,1
2016,48,48337,48,337,1
2016,48,48339,48,339,1
2016,48,48341,48,341,1
2016,48,48343,48,343,1
2016,48,48345,48,345,1
2016,48,48347,48,347,1
2016,48,48349,48,349,1
2016,48,48351,48,351,1
2016,48,48353,48,353,1
2016,48,48355,48,355,1
2016,48,48357,48,357,1
2016,48,48359,48,359,1
2016,48,48361,48,361,1
2016,48,48363,48,363,1
2016,48,48365,48,365,1
2016,48,48367,48,367,1
2016,48,48369,48,369,1
2016,48,48371,48,371,1
2016,48,48373,48,373,1
2016,48,48375,48,375,1
2016,48,48377,48,377,0
2016,48,48379,48,379,1
2016,48,48381,48,381,1
2016,48,48383,48,383,1
2016,48,48385,48,385,1
2016,48,48387,48,387,1
2016,48,48389,48,389,0
2016,48,48391,48,391,1
2016,48,48393,48,393,1
2016,48,48395,48,395,1
2016,48,48397,48,397,1
2016,48,48399,48,399,1
2016,48,48401,48,401,1
2016,48,48403,48,403,1
2016,48,48405,48,405,1
2016,48,48407,48,407,1
2016,48,48409,48,409,1
2016,48,48411,48,411,1
2016,48,48413,48,413,1
2016,48,48415,48,415,1
2016,48,48417,48,417,1
2016,48,48419,48,419,1
2016,48,48421,48,421,1
2016,48,48423,48,423,1
2016,48,48425,48,425,1
2016,48,48427,48,427,0
2016,48,48429,48,429,1
2016,48,48431,48,431,1
2016,48,48433,48,433,1
2016,48,48435,48,435,1
2016,48,48437,48,437,1
2016,48,48439,48,439,1
2016,48,48441,48,441,1
2016,48,48443,48,443,1
2016,48,48445,48,445,1
2016,48,48447,48,447,1
2016,48,48449,48,449,1
2016,48,48451,48,451,1
2016,48,48453,48,453,0
2016,48,48455,48,455,1
2016,48,48457,48,457,1
2016,48,48459,48,459,1
2016,48,48461,48,461,1
2016,48,48463,48,463,1
2016,48,48465,48,465,0
2016,48,48467,48,467,1
2016,48,48469,48,469,1
2016,48,48471,48,471,1
2016,48,48473,48,473,1
2016,48,48475,48,475,1
2016,48,48477,48,477,1
2016,48,48479,48,479,0
2016,48,48481,48,481,1
2016,48,48483,48,483,1
2016,48,48485,48,485,1
2016,48,48487,48,487,1
2016,48,48489,48,489,0
2016,48,48491,48,491,1
2016,48,48493,48,493,1
2016,48,48495,48,495,1
2016,48,48497,48,497,1
2016,48,48499,48,499,1
2016,48,48501,48,501,1
2016,48,48503,48,503,1
2016,48,48505,48,505,0
2016,48,48507,48,507,0
2016,49,49001,49,001,1
2016,49,49003,49,003,1
2016,49,49005,49,005,1
2016,49,49007,49,007,1
2016,49,49009,49,009,1
2016,49,49011,49,011,1
2016,49,49013,49,013,1
2016,49,49015,49,015,1
2016,49,49017,49,017,1
2016,49,49019,49,019,1
2016,49,49021,49,021,1
2016,49,49023,49,023,1
2016,49,49025,49,025,1
2016,49,49027,49,027,1
2016,49,49029,49,029,1
2016,49,49031,49,031,1
2016,49,49033,49,033,1
2016,49,49035,49,035,0
2016,49,49037,49,037,1
2016,49,49039,49,039,1
2016,49,49041,49,041,1
2016,49,49043,49,043,0
2016,49,49045,49,045,1
2016,49,49047,49,047,1
2016,49,49049,49,049,1
2016,49,49051,49,051,1
2016,49,49053,49,053,1
2016,49,49055,49,055,1
2016,49,49057,49,057,1
2016,51,51001,51,001,1
2016,51,51003,51,003,0
2016,51,51510,51,510,0
2016,51,51005,51,005,1
2016,51,51007,51,007,1
2016,51,51009,51,009,1
2016,51,51011,51,011,1
2016,51,51013,51,013,0
2016,51,51015,51,015,1
2016,51,51017,51,017,1
2016,51,51019,51,019,1
2016,51,51021,51,021,1
2016,51,51023,51,023,1
2016,51,51520,51,520,1
2016,51,51025,51,025,0
2016,51,51027,51,027,1
2016,51,51029,51,029,1
2016,51,51530,51,530,1
2016,51,51031,51,031,1
2016,51,51033,51,033,1
2016,51,51035,51,035,1
2016,51,51036,51,036,0
2016,51,51037,51,037,1
2016,51,51540,51,540,0
2016,51,51550,51,550,1
2016,51,51041,51,041,1
2016,51,51043,51,043,1
2016,51,51570,51,570,1
2016,51,51580,51,580,1
2016,51,51045,51,045,1
2016,51,51047,51,047,1
2016,51,51049,51,049,1
2016,51,51590,51,590,0
2016,51,51051,51,051,1
2016,51,51053,51,053,1
2016,51,51595,51,595,0
2016,51,51057,51,057,1
2016,51,51059,51,059,0
2016,51,51600,51,600,0
2016,51,51610,51,610,0
2016,51,51061,51,061,1
2016,51,51063,51,063,1
2016,51,51065,51,065,1
2016,51,51067,51,067,1
2016,51,51620,51,620,0
2016,51,51069,51,069,1
2016,51,51630,51,630,0
2016,51,51640,51,640,1
2016,51,51071,51,071,1
2016,51,51073,51,073,1
2016,51,51075,51,075,1
2016,51,51077,51,077,1
2016,51,51079,51,079,1
2016,51,51081,51,081,0
2016,51,51083,51,083,1
2016,51,51650,51,650,0
2016,51,51085,51,085,1
2016,51,51660,51,660,0
2016,51,51087,51,087,0
2016,51,51089,51,089,1
2016,51,51091,51,091,1
2016,51,51670,51,670,0
2016,51,51093,51,093,1
2016,51,51095,51,095,1
2016,51,51097,51,097,1
2016,51,51099,51,099,1
2016,51,51101,51,101,1
2016,51,51103,51,103,1
2016,51,51105,51,105,1
2016,51,51678,51,678,0
2016,51,51107,51,107,0
2016,51,51109,51,109,1
2016,51,51111,51,111,1
2016,51,51680,51,680,1
2016,51,51113,51,113,1
2016,51,51683,51,683,0
2016,51,51685,51,685,0
2016,51,51690,51,690,0
2016,51,51115,51,115,1
2016,51,51117,51,117,1
2016,51,51119,51,119,1
2016,51,51121,51,121,0
2016,51,51125,51,125,1
2016,51,51127,51,127,1
2016,51,51700,51,700,0
2016,51,51710,51,710,0
2016,51,51131,51,131,0
2016,51,51133,51,133,1
2016,51,51720,51,720,1
2016,51,51135,51,135,1
2016,51,51137,51,137,1
2016,51,51139,51,139,1
2016,51,51141,51,141,1
2016,51,51730,51,730,0
2016,51,51143,51,143,1
2016,51,51735,51,735,1
2016,51,51740,51,740,0
2016,51,51145,51,145,1
2016,51,51147,51,147,0
2016,51,51149,51,149,1
2016,51,51153,51,153,0
2016,51,51155,51,155,1
2016,51,51750,51,750,0
2016,51,51157,51,157,1
2016,51,51159,51,159,1
2016,51,51760,51,760,0
2016,51,51161,51,161,1
2016,51,51770,51,770,0
2016,51,51163,51,163,1
2016,51,51165,51,165,1
2016,51,51167,51,167,1
2016,51,51775,51,775,1
2016,51,51169,51,169,1
2016,51,51171,51,171,1
2016,51,51173,51,173,1
2016,51,51175,51,175,1
2016,51,51177,51,177,1
2016,51,51179,51,179,1
2016,51,51790,51,790,0
2016,51,51800,51,800,0
2016,51,51181,51,181,0
2016,51,51183,51,183,0
2016,51,51185,51,185,1
2016,51,51810,51,810,1
2016,51,51187,51,187,1
2016,51,51191,51,191,1
2016,51,51820,51,820,1
2016,51,51193,51,193,1
2016,51,51830,51,830,0
2016,51,51840,51,840,0
2016,51,51195,51,195,1
2016,51,51197,51,197,1
2016,51,51199,51,199,1
2016,50,50001,50,001,0
2016,50,50003,50,003,0
2016,50,50005,50,005,0
2016,50,50007,50,007,0
2016,50,50009,50,009,1
2016,50,50011,50,011,0
2016,50,50013,50,013,0
2016,50,50015,50,015,0
2016,50,50017,50,017,0
2016,50,50019,50,019,0
2016,50,50021,50,021,0
2016,50,50023,50,023,0
2016,50,50025,50,025,0
2016,50,50027,50,027,0
2016,53,53001,53,001,1
2016,53,53003,53,003,1
2016,53,53005,53,005,1
2016,53,53007,53,007,1
2016,53,53009,53,009,1
2016,53,53011,53,011,0
2016,53,53013,53,013,1
2016,53,53015,53,015,1
2016,53,53017,53,017,1
2016,53,53019,53,019,1
2016,53,53021,53,021,1
2016,53,53023,53,023,1
2016,53,53025,53,025,1
2016,53,53027,53,027,1
2016,53,53029,53,029,0
2016,53,53031,53,031,0
2016,53,53033,53,033,0
2016,53,53035,53,035,0
2016,53,53037,53,037,1
2016,53,53039,53,039,1
2016,53,53041,53,041,1
2016,53,53043,53,043,1
2016,53,53045,53,045,1
2016,53,53047,53,047,1
2016,53,53049,53,049,1
2016,53,53051,53,051,1
2016,53,53053,53,053,0
2016,53,53055,53,055,0
2016,53,53057,53,057,0
2016,53,53059,53,059,1
2016,53,53061,53,061,0
2016,53,53063,53,063,1
2016,53,53065,53,065,1
2016,53,53067,53,067,0
2016,53,53069,53,069,1
2016,53,53071,53,071,1
2016,53,53073,53,073,0
2016,53,53075,53,075,0
2016,53,53077,53,077,1
2016,55,55001,55,001,1
2016,55,55003,55,003,0
2016,55,55005,55,005,1
2016,55,55007,55,007,0
2016,55,55009,55,009,1
2016,55,55011,55,011,1
2016,55,55013,55,013,1
2016,55,55015,55,015,1
2016,55,55017,55,017,1
2016,55,55019,55,019,1
2016,55,55021,55,021,1
2016,55,55023,55,023,1
2016,55,55025,55,025,0
2016,55,55027,55,027,1
2016,55,55029,55,029,1
2016,55,55031,55,031,0
2016,55,55033,55,033,1
2016,55,55035,55,035,0
2016,55,55037,55,037,1
2016,55,55039,55,039,1
2016,55,55041,55,041,1
2016,55,55043,55,043,1
2016,55,55045,55,045,0
2016,55,55047,55,047,1
2016,55,55049,55,049,0
2016,55,55051,55,051,1
2016,55,55053,55,053,1
2016,55,55055,55,055,1
2016,55,55057,55,057,1
2016,55,55059,55,059,1
2016,55,55061,55,061,1
2016,55,55063,55,063,0
2016,55,55065,55,065,1
2016,55,55067,55,067,1
2016,55,55069,55,069,1
2016,55,55071,55,071,1
2016,55,55073,55,073,1
2016,55,55075,55,075,1
2016,55,55077,55,077,1
2016,55,55078,55,078,0
2016,55,55079,55,079,0
2016,55,55081,55,081,1
2016,55,55083,55,083,1
2016,55,55085,55,085,1
2016,55,55087,55,087,1
2016,55,55089,55,089,1
2016,55,55091,55,091,1
2016,55,55093,55,093,1
2016,55,55095,55,095,1
2016,55,55097,55,097,0
2016,55,55099,55,099,1
2016,55,55101,55,101,1
2016,55,55103,55,103,1
2016,55,55105,55,105,0
2016,55,55107,55,107,1
2016,55,55111,55,111,0
2016,55,55113,55,113,1
2016,55,55115,55,115,1
2016,55,55117,55,117,1
2016,55,55109,55,109,1
2016,55,55119,55,119,1
2016,55,55121,55,121,1
2016,55,55123,55,123,1
2016,55,55125,55,125,1
2016,55,55127,55,127,1
2016,55,55129,55,129,1
2016,55,55131,55,131,1
2016,55,55133,55,133,1
2016,55,55135,55,135,1
2016,55,55137,55,137,1
2016,55,55139,55,139,1
2016,55,55141,55,141,1
2016,54,54001,54,001,1
2016,54,54003,54,003,1
2016,54,54005,54,005,1
2016,54,54007,54,007,1
2016,54,54009,54,009,1
2016,54,54011,54,011,1
2016,54,54013,54,013,1
2016,54,54015,54,015,1
2016,54,54017,54,017,1
2016,54,54019,54,019,1
2016,54,54021,54,021,1
2016,54,54023,54,023,1
2016,54,54025,54,025,1
2016,54,54027,54,027,1
2016,54,54029,54,029,1
2016,54,54031,54,031,1
2016,54,54033,54,033,1
2016,54,54035,54,035,1
2016,54,54037,54,037,1
2016,54,54039,54,039,1
2016,54,54041,54,041,1
2016,54,54043,54,043,1
2016,54,54045,54,045,1
2016,54,54049,54,049,1
2016,54,54051,54,051,1
2016,54,54053,54,053,1
2016,54,54047,54,047,1
2016,54,54055,54,055,1
2016,54,54057,54,057,1
2016,54,54059,54,059,1
2016,54,54061,54,061,1
2016,54,54063,54,063,1
2016,54,54065,54,065,1
2016,54,54067,54,067,1
2016,54,54069,54,069,1
2016,54,54071,54,071,1
2016,54,54073,54,073,1
2016,54,54075,54,075,1
2016,54,54077,54,077,1
2016,54,54079,54,079,1
2016,54,54081,54,081,1
2016,54,54083,54,083,1
2016,54,54085,54,085,1
2016,54,54087,54,087,1
2016,54,54089,54,089,1
2016,54,54091,54,091,1
2016,54,54093,54,093,1
2016,54,54095,54,095,1
2016,54,54097,54,097,1
2016,54,54099,54,099,1
2016,54,54101,54,101,1
2016,54,54103,54,103,1
2016,54,54105,54,105,1
2016,54,54107,54,107,1
2016,54,54109,54,109,1
2016,56,56001,56,001,1
2016,56,56003,56,003,1
2016,56,56005,56,005,1
2016,56,56007,56,007,1
2016,56,56009,56,009,1
2016,56,56011,56,011,1
2016,56,56013,56,013,1
2016,56,56015,56,015,1
2016,56,56017,56,017,1
2016,56,56019,56,019,1
2016,56,56021,56,021,1
2016,56,56023,56,023,1
2016,56,56025,56,025,1
2016,56,56027,56,027,1
2016,56,56029,56,029,1
2016,56,56031,56,031,1
2016,56,56033,56,033,1
2016,56,56035,56,035,1
2016,56,56037,56,037,1
2016,56,56039,56,039,0
2016,56,56041,56,041,1
2016,56,56043,56,043,1
2016,56,56045,56,045,1